data_iniSE,SE,casos_est,casos_est_min,casos_est_max,casos,p_rt1,p_inc100k,Localidade_id,nivel,id,versao_modelo,tweet,Rt,pop,tempmin,umidmax,receptivo,transmissao,nivel_inc,umidmed,umidmin,tempmed,tempmax,casprov,casprov_est,casprov_est_min,casprov_est_max,casconf,notif_accum_year
2023-04-23,202317,7.0,0,39,0,0.22673301,4.322135,0,2,354880720231719485,2023-05-08,0.0,1.0,161957.0,16.3636363636364,92.7699859090909,0,0,1,79.297976,52.836236,19.0719697272727,23.5909090909091,,,,,,3060
2023-04-16,202316,8.0,3,24,3,0.19941407,4.939583,0,2,354880720231619485,2023-05-08,0.0,1.0,161957.0,16.4285714285714,92.1804457142857,0,0,1,75.7383111428571,50.8028415714286,19.3809521428571,24.0,,,,,,3060
2023-04-09,202315,11.0,8,19,8,0.3123605,6.7919264,0,2,354880720231519485,2023-05-08,0.0,1.0,161957.0,17.8571428571429,93.0836877142857,0,0,2,79.9696221428571,57.9606898571429,20.5227737142857,24.8571428571429,,,,,,3060
2023-04-02,202314,10.0,9,16,9,0.29759064,6.1744785,0,4,354880720231419485,2023-05-08,0.0,1.0,161957.0,17.5714285714286,92.2689082857143,0,0,1,81.6239428571429,62.483194,19.9464282857143,24.0,,,,,,3060
2023-03-26,202313,15.0,14,18,14,0.89092606,9.261718,0,4,354880720231319485,2023-05-08,0.0,2.0,161957.0,20.3076923076923,86.3541609230769,1,0,2,77.3192041538462,62.2738027692308,22.0595236923077,24.4615384615385,,,,,,3060
2023-03-19,202312,17.0,17,19,17,0.98338884,10.4966135,0,2,354880720231219485,2023-05-08,0.0,2.0,161957.0,19.8571428571429,87.5819271428571,1,1,2,75.4023978571429,53.904714,22.7440474285714,26.7142857142857,,,,,,3060
2023-03-12,202311,4.0,4,5,4,0.22624426,2.4697914,0,2,354880720231119485,2023-05-08,0.0,1.0,161957.0,20.1481481481481,91.0512692592593,1,0,0,89.64497,88.6491818518518,20.4320986666667,20.7407407407407,,,,,,3060
2023-03-05,202310,10.0,10,11,10,0.75701946,6.1744785,0,2,354880720231019485,2023-05-08,0.0,1.0,161957.0,21.4285714285714,82.422247,1,0,1,80.1404651428571,77.5561068571429,21.8857142857143,22.4285714285714,,,,,,3060
2023-02-26,202309,2.0,2,3,2,0.035461582,1.2348957,0,2,354880720230919485,2023-05-08,0.0,0.0,161957.0,22.2857142857143,80.8571007142857,1,0,0,79.6172434285714,77.9788222857143,22.4714285714286,22.5714285714286,,,,,,3060
2023-02-19,202308,10.0,10,11,10,0.8720864,6.1744785,0,2,354880720230819485,2023-05-08,0.0,2.0,161957.0,19.6296296296296,92.7731431111111,1,0,1,83.218588,64.0791351851852,21.5371712592593,25.2962962962963,,,,,,3060
2023-02-12,202307,8.0,8,8,8,0.7616746,4.939583,0,2,354880720230719485,2023-05-08,0.0,1.0,161957.0,22.7727272727273,79.9244554545455,1,0,1,78.1360109090909,75.8289790909091,23.0454545454545,23.3181818181818,,,,,,3060
2023-02-05,202306,4.0,4,4,4,0.17737164,2.4697914,0,2,354880720230619485,2023-05-08,0.0,1.0,161957.0,21.5714285714286,83.9002528571429,1,0,0,83.15482,82.4301385714286,21.6190477142857,21.7142857142857,,,,,,3060
2023-01-29,202305,5.0,5,5,5,0.18331122,3.0872393,0,2,354880720230519485,2023-05-08,0.0,1.0,161957.0,21.2857142857143,88.5931937142857,1,0,0,83.7916262857143,75.5629297142857,22.1369045714286,23.7142857142857,,,,,,3060
2023-01-22,202304,6.0,6,6,6,0.42383048,3.704687,0,3,354880720230419485,2023-05-08,0.0,1.0,161957.0,21.7142857142857,76.484451,1,0,1,76.2450814285714,76.005712,21.8571428571429,22.0,,,,,,3060
2023-01-15,202303,11.0,11,11,11,0.9842841,6.7919264,0,3,354880720230319485,2023-05-08,0.0,3.0,161957.0,22.2857142857143,82.3095042857143,1,1,2,82.3095042857143,82.3095042857143,22.2857142857143,22.2857142857143,,,,,,3060
2023-01-08,202302,8.0,8,8,8,0.99671924,4.939583,0,1,354880720230219485,2023-05-08,0.0,9.0,161957.0,19.2857142857143,90.2450977142857,1,1,1,83.7140311428571,71.5609658571429,20.9880954285714,23.8571428571429,,,,,,3060
2023-01-01,202301,2.0,2,2,2,0.96612716,1.2348957,0,1,354880720230119485,2023-05-08,0.0,12.0,161957.0,18.5714285714286,89.9196377142857,0,0,0,81.044086,66.2386978571429,20.184524,22.8571428571429,,,,,,3060
2022-12-25,202252,0.0,0,0,0,0.0,0.0,0,1,354880720225219485,2023-05-08,0.0,0.0,161957.0,19.6666666666667,88.2418733333333,0,0,0,80.1440316666667,67.4832833333333,21.2949493333333,23.6666666666667,,,,,,3060
2022-12-18,202251,0.0,0,0,0,0.0,0.0,0,1,354880720225119485,2023-05-08,0.0,0.0,161957.0,18.0,91.035042,0,0,0,80.622082,63.3847065,19.147436,22.5,,,,,,3060
2022-12-11,202250,0.0,0,0,0,0.0,0.0,0,1,354880720225019485,2023-05-08,0.0,0.0,161957.0,18.3333333333333,88.4892376666667,0,0,0,75.6094333333333,57.5523096666667,21.0694446666667,25.3333333333333,,,,,,3060
2022-12-04,202249,1.0,1,1,1,0.2866001,0.61744785,0,1,354880720224919485,2023-05-08,0.0,1.0,161957.0,19.1428571428571,91.6822511428571,1,0,0,75.9806321428571,53.2343777142857,22.6147185714286,27.4285714285714,,,,,,3060
2022-11-27,202248,0.0,0,0,0,0.0,0.0,0,1,354880720224819485,2023-05-08,0.0,0.0,161957.0,18.2857142857143,94.8157011428572,0,0,0,80.9073414285714,54.2475387142857,20.8452377142857,25.8571428571429,,,,,,3060
2022-11-20,202247,2.0,2,2,2,0.30642876,1.2348957,0,1,354880720224719485,2023-05-08,0.0,1.0,161957.0,17.2857142857143,91.4323042857143,0,0,0,79.6300094285714,60.2814461428571,19.4424601428571,23.4285714285714,,,,,,3060
2022-11-13,202246,3.0,3,3,3,0.5646507,1.8523436,0,1,354880720224619485,2023-05-08,0.0,1.0,161957.0,17.1428571428571,83.8348121428571,0,0,0,69.153664,47.3139367142857,19.9821428571429,24.5714285714286,,,,,,3060
2022-11-06,202245,4.0,4,4,4,0.7137548,2.4697914,0,1,354880720224519485,2023-05-08,0.0,2.0,161957.0,14.4285714285714,92.8879777142857,0,0,0,78.7333964285714,54.8463838571429,17.2479902857143,22.4285714285714,,,,,,3060
2022-10-30,202244,2.0,2,2,2,0.30035174,1.2348957,0,1,354880720224419485,2023-05-08,0.0,1.0,161957.0,13.8571428571429,92.0739585714286,0,0,0,80.1952671428571,62.768135,16.811812,20.2857142857143,,,,,,3060
2022-10-23,202243,2.0,2,2,2,0.30379394,1.2348957,0,1,354880720224319485,2023-05-08,0.0,1.0,161957.0,17.4285714285714,87.4866728571429,0,0,0,71.7044725714286,48.3137605714286,20.8785714285714,26.0,,,,,,3060
2022-10-16,202242,4.0,4,4,4,0.7456384,2.4697914,0,1,354880720224219485,2023-05-08,0.0,2.0,161957.0,17.1428571428571,93.9195085714286,0,0,0,80.5350264285714,57.6343427142857,19.9918575714286,24.5714285714286,,,,,,3060
2022-10-09,202241,3.0,3,3,3,0.7668418,1.8523436,0,1,354880720224119485,2023-05-08,0.0,2.0,161957.0,17.1428571428571,94.0348857142857,0,0,0,82.6427698571429,61.3829822857143,19.7372818571429,24.5714285714286,,,,,,3060
2022-10-02,202240,3.0,3,3,3,0.84609056,1.8523436,0,1,354880720224019485,2023-05-08,0.0,3.0,161957.0,15.7142857142857,95.65357,0,0,0,81.1669262857143,56.5512915714286,18.1309522857143,22.2857142857143,,,,,,3060
2022-09-25,202239,1.0,1,1,1,0.39223215,0.61744785,0,1,354880720223919485,2023-05-08,0.0,1.0,161957.0,13.4285714285714,99.1132242857143,0,0,0,91.0231465714286,80.058528,15.1021062857143,17.7142857142857,,,,,,3060
2022-09-18,202238,1.0,1,1,1,0.25958243,0.61744785,0,1,354880720223819485,2023-05-08,0.0,1.0,161957.0,12.4285714285714,93.0171114285714,0,0,0,79.7582277142857,58.0494157142857,15.3284632857143,19.1428571428571,,,,,,3060
2022-09-11,202237,1.0,1,1,1,0.18383294,0.61744785,0,1,354880720223719485,2023-05-08,0.0,0.0,161957.0,13.1428571428571,96.39203,0,0,0,88.4796778571429,74.4615808571429,14.8739647142857,17.4285714285714,,,,,,3060
2022-09-04,202236,2.0,2,2,2,0.36025217,1.2348957,0,1,354880720223619485,2023-05-08,0.0,1.0,161957.0,14.1428571428571,91.04171,0,0,0,73.4112105714286,50.2354967142857,17.6964287142857,23.1428571428571,,,,,,3060
2022-08-28,202235,3.0,3,3,3,0.54659075,1.8523436,0,1,354880720223519485,2023-05-08,0.0,1.0,161957.0,12.2857142857143,89.8423448571428,0,0,0,77.6467881428571,59.6294367142857,14.5830084285714,18.4285714285714,,,,,,3060
2022-08-21,202234,2.0,2,2,2,0.48819196,1.2348957,0,1,354880720223419485,2023-05-08,0.0,1.0,161957.0,14.1428571428571,88.8279157142857,0,0,0,74.4113322857143,49.4660064285714,16.7728935714286,20.8571428571429,,,,,,3060
2022-08-14,202233,4.0,4,4,4,0.86139023,2.4697914,0,1,354880720223319485,2023-05-08,1.0,2.0,161957.0,13.7142857142857,79.7119382857143,0,0,0,65.2860874285714,44.9388708571429,16.9574571428571,22.1428571428571,,,,,,3060
2022-08-07,202232,2.0,2,2,2,0.4135432,1.2348957,0,1,354880720223219485,2023-05-08,0.0,1.0,161957.0,13.0,97.2922385714286,0,0,0,83.5908451428571,58.9106845714286,15.5773808571429,19.1428571428571,,,,,,3060
2022-07-31,202231,0.0,0,0,0,0.0,0.0,0,1,354880720223119485,2023-05-08,0.0,0.0,161957.0,13.4285714285714,89.2230305714286,0,0,0,74.4846101428571,55.5952494285714,16.3819727142857,20.0,,,,,,3060
2022-07-24,202230,3.0,3,3,3,0.31683418,1.8523436,0,1,354880720223019485,2023-05-08,0.0,1.0,161957.0,14.7142857142857,86.1586335714286,0,0,0,66.4929274285714,42.5373368571429,18.2438377142857,23.0,,,,,,3060
2022-07-17,202229,4.0,4,4,4,0.29672503,2.4697914,0,1,354880720222919485,2023-05-08,0.0,1.0,161957.0,15.4285714285714,89.1442942857143,0,0,0,70.6477472857143,46.6194382857143,18.769841,23.5714285714286,,,,,,3060
2022-07-10,202228,2.0,2,2,2,0.060719855,1.2348957,0,1,354880720222819485,2023-05-08,0.0,0.0,161957.0,16.0,79.4786675714286,0,0,0,64.0165518571429,48.732711,18.729261,22.5714285714286,,,,,,3060
2022-07-03,202227,8.0,8,8,8,0.5758333,4.939583,0,1,354880720222719485,2023-05-08,1.0,1.0,161957.0,15.0,72.7367957142857,0,0,1,53.562609,32.8590614285714,19.7211402857143,24.7142857142857,,,,,,3060
2022-06-26,202226,6.0,6,6,6,0.19124743,3.704687,0,2,354880720222619485,2023-05-08,0.0,1.0,161957.0,13.1428571428571,86.3134857142857,0,0,1,71.2391284285714,45.8378247142857,16.7377448571429,22.1428571428571,,,,,,3060
2022-06-19,202225,3.0,3,3,3,0.023405299,1.8523436,0,2,354880720222519485,2023-05-08,0.0,0.0,161957.0,14.4285714285714,86.4656314285714,0,0,0,71.4602391428571,54.0736834285714,17.6785712857143,21.8571428571429,,,,,,3060
2022-06-12,202224,16.0,16,16,16,0.8137701,9.879166,0,2,354880720222419485,2023-05-08,0.0,1.0,161957.0,10.5714285714286,90.9898825714286,0,0,2,70.9805504285714,46.314708,14.4226191428571,19.2857142857143,,,,,,3060
2022-06-05,202223,5.0,5,5,5,0.009198209,3.0872393,0,2,354880720222319485,2023-05-08,0.0,0.0,161957.0,14.2857142857143,93.7855971428571,0,0,0,86.2488192857143,72.8647721428571,16.0801021428571,19.1428571428571,,,,,,3060
2022-05-29,202222,11.0,11,11,11,0.058189664,6.7919264,0,4,354880720222219485,2023-05-08,5.0,1.0,161957.0,15.0,91.8055814285714,0,0,2,81.114368,66.0592777142857,17.2040814285714,20.5714285714286,,,,,,3060
2022-05-22,202221,16.0,16,16,16,0.058553007,9.879166,0,4,354880720222119485,2023-05-08,2.0,1.0,161957.0,13.1428571428571,82.4812522857143,0,0,2,63.3984492857143,36.798048,17.5595235714286,23.1428571428571,,,,,,3060
2022-05-15,202220,18.0,18,18,18,0.01978466,11.114061,0,4,354880720222019485,2023-05-08,2.0,1.0,161957.0,10.7142857142857,87.7613414285714,0,0,2,73.280315,50.3428991428571,13.6011905714286,17.4285714285714,,,,,,3060
2022-05-08,202219,23.0,23,23,23,0.15268445,14.201301,0,4,354880720221919485,2023-05-08,2.0,1.0,161957.0,14.5714285714286,92.93907,0,0,2,80.704357,60.5228818571429,17.2385532857143,21.7142857142857,,,,,,3060
2022-05-01,202218,39.0,39,39,39,0.9923704,24.080465,0,4,354880720221819485,2023-05-08,3.0,2.0,161957.0,16.0,91.3534291428571,0,1,2,77.547775,60.6864844285714,18.4642621428571,21.8571428571429,,,,,,3060
2022-04-24,202217,39.0,39,39,39,0.9998489,24.080465,0,4,354880720221719485,2023-05-08,1.0,3.0,161957.0,18.1428571428571,89.0871651428571,0,1,2,70.6984428571429,47.6630534285714,21.7348482857143,26.7142857142857,,,,,,3060
2022-04-17,202216,15.0,15,15,15,0.7268223,9.261718,0,1,354880720221619474,2023-04-27,0.0,1.0,161957.0,15.0,88.7105128571429,0,0,2,73.6030064285714,48.3932964285714,18.5401137142857,23.7142857142857,,,,,,3060
2022-04-10,202215,9.0,9,9,9,0.41110095,5.5570307,0,1,354880720221519467,2023-04-20,0.0,1.0,161957.0,17.1428571428571,91.4738214285714,0,0,1,78.889063,57.7901121428571,19.5345241428571,23.7142857142857,,,,,,3060
2022-04-03,202214,15.0,15,15,15,0.9657018,9.261718,0,1,354880720221419461,2023-04-14,0.0,2.0,161957.0,18.2857142857143,92.3249148571429,0,1,2,83.1178082857143,62.0928385714286,20.2652595714286,24.8571428571429,,,,,,3060
2022-03-27,202213,11.0,11,11,11,0.9374679,6.7919264,0,1,354880720221319453,2023-04-06,0.0,2.0,161957.0,18.2857142857143,94.0783108571429,0,0,2,83.0694048571429,65.4646385714286,20.5757291428571,24.5714285714286,,,,,,3060
2022-03-20,202212,5.0,5,5,5,0.5233043,3.0872393,0,1,354880720221219438,2023-03-22,2.0,1.0,161957.0,18.2857142857143,86.8792114285714,0,0,0,74.6737044285714,53.6717172857143,21.32568,26.1428571428571,,,,,,3060
2022-03-13,202211,4.0,4,4,4,0.44953474,2.4697914,0,2,354880720221119438,2023-03-22,0.0,1.0,161957.0,20.5714285714286,92.515468,1,0,0,82.5428657142857,64.2908401428571,22.4420067142857,26.5714285714286,,,,,,3060
2022-03-06,202210,6.0,6,6,6,0.80513626,3.704687,0,2,354880720221019434,2023-03-18,1.0,2.0,161957.0,20.2857142857143,90.2492371428571,1,0,1,73.4047735714286,46.9287284285714,23.7083334285714,29.4285714285714,,,,,,3060
2022-02-27,202209,4.0,4,4,4,0.7315651,2.4697914,0,1,354880720220919424,2023-03-08,0.0,2.0,161957.0,19.4285714285714,91.679402,1,0,0,72.7857015714286,43.4716235714286,23.7428572857143,30.0,,,,,,3060
2022-02-20,202208,4.0,4,4,4,0.8331344,2.4697914,0,1,354880720220819403,2023-02-15,3.0,2.0,161957.0,19.4285714285714,87.5426471428571,1,0,0,70.1653585714286,41.4944012857143,23.434524,29.8571428571429,,,,,,3060
2022-02-13,202207,2.0,2,2,2,0.59577316,1.2348957,0,1,354880720220719403,2023-02-15,1.0,1.0,161957.0,18.2857142857143,91.4899334285714,0,0,0,77.8302368571429,54.2626415714286,21.0416665714286,26.0,,,,,,3060
2022-02-06,202206,2.0,2,2,2,0.5577673,1.2348957,0,1,354880720220619403,2023-02-15,0.0,1.0,161957.0,18.0,89.0437242857143,0,0,0,79.8654111428571,65.8430674285714,20.3333331428571,23.7142857142857,,,,,,3060
2022-01-30,202205,1.0,1,1,1,0.26279175,0.61744785,0,2,354880720220519397,2023-02-09,0.0,1.0,161957.0,19.5714285714286,93.2538042857143,1,0,0,83.3359351428571,66.655779,21.6134041428571,25.1428571428571,,,,,,3060
2022-01-23,202204,2.0,2,2,2,0.52646625,1.2348957,0,1,354880720220419384,2023-01-27,1.0,1.0,161957.0,20.4285714285714,90.9157457142857,1,0,0,79.0527685714286,58.2939284285714,22.7029475714286,27.2857142857143,,,,,,3060
2022-01-16,202203,2.0,2,2,2,0.61920744,1.2348957,0,1,354880720220319384,2023-01-27,2.0,1.0,161957.0,19.5714285714286,88.3839991428571,1,0,0,73.8189322857143,46.0217605714286,22.9982495714286,29.1428571428571,,,,,,3060
2022-01-09,202202,2.0,2,2,2,0.7271228,1.2348957,0,1,354880720220219375,2023-01-18,4.0,2.0,161957.0,18.4285714285714,95.77835,0,0,0,86.5631422857143,66.2054661428571,20.3511905714286,24.5714285714286,,,,,,3060
2022-01-02,202201,2.0,2,2,2,0.7438001,1.2348957,0,1,354880720220119348,2022-12-22,1.0,2.0,161957.0,19.1428571428571,93.9679142857143,1,0,0,83.2013571428571,65.1473714285714,21.3396285714286,24.7142857142857,,,,,,3060
2021-12-26,202152,0.0,0,0,0,0.0,0.0,0,1,354880720215219348,2022-12-22,1.0,0.0,161957.0,18.2857142857143,90.6778714285714,0,0,0,76.9921285714286,59.7655428571429,20.8965142857143,24.7142857142857,,,,,,3060
2021-12-19,202151,2.0,2,2,2,0.612588,1.2348957,0,1,354880720215119348,2022-12-22,1.0,1.0,161957.0,16.5714285714286,90.5806428571429,0,0,0,77.0482142857143,58.0089142857143,19.3434142857143,23.4285714285714,,,,,,3060
2021-12-12,202150,0.0,0,0,0,0.0,0.0,0,1,354880720215019348,2022-12-22,10.0,0.0,161957.0,20.0,90.1301428571429,0,0,0,79.0697428571429,62.3286857142857,22.3039428571429,26.2857142857143,,,,,,3060
2021-12-05,202149,2.0,2,2,2,0.33771104,1.2348957,0,1,354880720214919305,2022-11-09,0.0,1.0,161957.0,15.5714285714286,87.4282428571428,0,0,0,77.7957142857143,59.9841428571429,17.9816428571429,21.8571428571429,,,,,,3060
2021-11-28,202148,2.0,2,2,2,0.3147293,1.2348957,0,1,354880720214819305,2022-11-09,0.0,1.0,161957.0,17.5714285714286,90.6518714285714,0,0,0,77.9764285714286,59.7631,20.8012,25.1428571428571,,,,,,3060
2021-11-21,202147,2.0,2,2,2,0.6037357,1.2348957,0,1,354880720214719305,2022-11-09,2.0,1.0,161957.0,16.8571428571429,85.4728,0,0,0,72.3616,50.8145857142857,19.9437857142857,24.8571428571429,,,,,,3060
2021-11-14,202146,6.0,6,6,6,0.9975634,3.704687,0,1,354880720214619305,2022-11-09,0.0,18.0,161957.0,16.5714285714286,88.2302714285714,0,1,1,72.3790142857143,51.7529857142857,19.7468,24.1428571428571,,,,,,3060
2021-11-07,202145,0.0,0,0,0,0.0,0.0,0,1,354880720214519305,2022-11-09,0.0,0.0,161957.0,14.8571428571429,88.7683428571429,0,0,0,79.9581428571429,66.7843428571429,16.7166428571429,19.8571428571429,,,,,,3060
2021-10-31,202144,0.0,0,0,0,0.0,0.0,0,1,354880720214419305,2022-11-09,2.0,0.0,161957.0,16.2857142857143,92.1619857142857,0,0,0,81.9608285714286,64.4384,18.3827714285714,22.0,,,,,,3060
2021-10-24,202143,0.0,0,0,0,0.0,0.0,0,1,354880720214319305,2022-11-09,0.0,0.0,161957.0,16.5714285714286,93.9173142857143,0,0,0,85.9134571428571,69.9852,18.6040428571429,22.2857142857143,,,,,,3060
2021-10-17,202142,0.0,0,0,0,0.0,0.0,0,1,354880720214219279,2022-10-14,0.0,0.0,161957.0,13.8571428571429,92.9014571428571,0,0,0,86.4755,73.5067428571429,15.5460857142857,18.0,,,,,,3060
2021-10-10,202141,0.0,0,0,0,0.0,0.0,0,1,354880720214119279,2022-10-14,1.0,0.0,161957.0,16.7142857142857,92.2373714285714,0,0,0,80.4029714285714,58.8313857142857,19.503,24.7142857142857,,,,,,3060
2021-10-03,202140,4.0,4,4,4,0.8292749,2.4697914,0,1,354880720214019279,2022-10-14,0.0,2.0,161957.0,15.8571428571429,94.7252714285714,0,0,0,85.1563142857143,65.7039,18.0297714285714,22.8571428571429,,,,,,3060
2021-09-26,202139,0.0,0,0,0,0.0,0.0,0,1,354880720213919265,2022-09-30,2.0,0.0,161957.0,16.7142857142857,86.3883571428571,0,0,0,68.2198285714286,45.9348428571429,21.1091285714286,26.5714285714286,,,,,,3060
2021-09-19,202138,0.0,0,0,0,0.0,0.0,0,1,354880720213819265,2022-09-30,1.0,0.0,161957.0,14.7142857142857,92.0653285714286,0,0,0,76.3199142857143,50.6668428571429,18.5238,25.5714285714286,,,,,,3060
2021-09-12,202137,6.0,6,6,6,0.9506244,3.704687,0,1,354880720213719257,2022-09-22,2.0,3.0,161957.0,17.0,91.4812714285714,0,1,1,73.2584714285714,48.8168857142857,21.0380428571429,26.8571428571429,,,,,,3060
2021-09-05,202136,4.0,4,4,4,0.9240955,2.4697914,0,1,354880720213619252,2022-09-17,1.0,4.0,161957.0,18.0,88.4616428571429,0,0,0,73.4799571428571,47.1640285714286,20.9658714285714,26.4285714285714,,,,,,3060
2021-08-29,202135,0.0,0,0,0,0.0,0.0,0,1,354880720213519251,2022-09-16,0.0,0.0,161957.0,16.1428571428571,83.7544714285714,0,0,0,71.1682142857143,50.1176142857143,18.7730285714286,23.1428571428571,,,,,,3060
2021-08-22,202134,2.0,2,2,2,0.56172615,1.2348957,0,1,354880720213419242,2022-09-07,2.0,1.0,161957.0,18.0,65.3955428571429,0,0,0,53.2493428571429,41.8718714285714,21.8126428571429,26.4285714285714,,,,,,3060
2021-08-15,202133,0.0,0,0,0,0.0,0.0,0,1,354880720213319223,2022-08-19,0.0,0.0,161957.0,17.2857142857143,78.9509428571428,0,0,0,60.0368142857143,37.2543857142857,21.2950285714286,27.1428571428571,,,,,,3060
2021-08-08,202132,2.0,2,2,2,0.17138289,1.2348957,0,1,354880720213219223,2022-08-19,4.0,0.0,161957.0,13.2857142857143,90.0295285714286,0,0,0,73.9514571428571,53.8827142857143,16.3623142857143,20.2857142857143,,,,,,3060
2021-08-01,202131,2.0,2,2,2,0.17394586,1.2348957,0,1,354880720213119221,2022-08-17,1.0,0.0,161957.0,11.5714285714286,91.1201142857143,0,0,0,80.3401571428571,59.5513571428571,14.1853285714286,18.4285714285714,,,,,,3060
2021-07-25,202130,3.0,3,3,3,0.7719418,1.8523436,0,1,354880720213019214,2022-08-10,2.0,2.0,161957.0,9.85714285714286,75.6757142857143,0,0,0,63.4619142857143,49.7190285714286,13.8680028571429,18.2857142857143,,,,,,3060
2021-07-18,202129,2.0,2,2,2,0.6827157,1.2348957,0,1,354880720212919194,2022-07-21,1.0,2.0,161957.0,10.0,88.4735857142857,0,0,0,67.5185571428571,36.8599714285714,14.2529714285714,20.0,,,,,,3060
2021-07-11,202128,2.0,2,2,2,0.5406497,1.2348957,0,1,354880720212819194,2022-07-21,1.0,1.0,161957.0,14.1428571428571,81.1417571428571,0,0,0,63.5301142857143,42.7213571428571,18.0182142857143,22.8571428571429,,,,,,3060
2021-07-04,202127,0.0,0,0,0,0.0,0.0,0,1,354880720212719179,2022-07-06,4.0,0.0,161957.0,12.7142857142857,89.4097428571429,0,0,0,79.8196142857143,56.9935428571429,15.0486571428571,19.1428571428571,,,,,,3060
2021-06-27,202126,2.0,2,2,2,0.1965295,1.2348957,0,1,354880720212619179,2022-07-06,1.0,1.0,161957.0,11.8571428571429,82.949,0,0,0,69.6389714285714,50.8646571428571,14.9927628571429,19.0,,,,,,3060
2021-06-20,202125,3.0,3,3,3,0.17278662,1.8523436,0,1,354880720212519166,2022-06-23,1.0,1.0,161957.0,14.0,92.9891714285714,0,0,0,78.5087285714286,58.4674857142857,16.8825,21.4285714285714,,,,,,3060
2021-06-13,202124,3.0,3,3,3,0.06700158,1.8523436,0,1,354880720212419166,2022-06-23,3.0,0.0,161957.0,13.0,89.5140857142857,0,0,0,81.7427142857143,67.6833,14.7254142857143,17.4285714285714,,,,,,3060
2021-06-06,202123,6.0,6,6,6,0.20341945,3.704687,0,1,354880720212319145,2022-06-02,13.0,1.0,161957.0,15.8571428571429,90.7599571428571,0,0,1,77.6806571428571,63.7174142857143,18.4127,20.8571428571429,,,,,,3060
2021-05-30,202122,7.0,7,7,7,0.2615962,4.322135,0,2,354880720212219145,2022-06-02,1.0,1.0,161957.0,15.7142857142857,89.6948714285714,0,0,1,70.4424714285714,48.7181714285714,20.1714428571429,25.0,,,,,,3060
2021-05-23,202121,11.0,11,11,11,0.57366395,6.7919264,0,2,354880720212119145,2022-06-02,2.0,1.0,161957.0,13.1428571428571,88.8874571428571,0,0,1,60.3700285714286,38.1473428571429,19.7936571428571,25.0,,,,,,3060
2021-05-16,202120,9.0,9,9,9,0.23896506,5.5570307,0,2,354880720212019139,2022-05-27,0.0,1.0,161957.0,14.5714285714286,92.1031,0,0,1,72.7951285714286,42.8768142857143,18.1326571428571,23.2857142857143,,,,,,3060
2021-05-09,202119,9.0,9,9,9,0.10153143,5.5570307,0,2,354880720211919136,2022-05-24,1.0,1.0,161957.0,14.1428571428571,92.1079428571429,0,0,1,79.7068428571429,58.7201857142857,17.0923571428571,21.1428571428571,,,,,,3060
2021-05-02,202118,12.0,12,12,12,0.15532067,7.409374,0,4,354880720211819125,2022-05-13,0.0,1.0,161957.0,15.2857142857143,92.9592428571429,0,0,1,75.218,47.8378142857143,18.7262142857143,24.2857142857143,,,,,,3060
2021-04-25,202117,15.0,15,15,15,0.35731605,9.261718,0,4,354880720211719118,2022-05-06,0.0,1.0,161957.0,15.7142857142857,92.1167428571429,0,0,2,78.9451142857143,55.8196285714286,18.4192571428571,22.5714285714286,,,,,,3060
2021-04-18,202116,19.0,19,19,19,0.7874661,11.731509,0,4,354880720211619110,2022-04-28,3.0,1.0,161957.0,15.8571428571429,93.8848714285714,0,0,2,,,,,,,,,,3060
2021-04-11,202115,20.0,20,20,20,0.9068277,12.348957,0,1,354880720211519110,2022-04-28,4.0,2.0,161957.0,17.2857142857143,83.7954571428571,0,0,2,,,,,,,,,,3060
2021-04-04,202114,12.0,12,12,12,0.50049263,7.409374,0,1,354880720211419110,2022-04-28,0.0,1.0,161957.0,17.5714285714286,83.5333714285714,0,0,1,,,,,,,,,,3060
2021-03-28,202113,13.0,13,13,13,0.60485274,8.026822,0,1,354880720211319110,2022-04-28,4.0,1.0,161957.0,18.4285714285714,85.2079285714286,0,0,1,,,,,,,,,,3060
2021-03-21,202112,11.0,11,11,11,0.5981822,6.7919264,0,1,354880720211219110,2022-04-28,1.0,1.0,161957.0,20.7142857142857,81.7208857142857,1,0,1,,,,,,,,,,3060
2021-03-14,202111,13.0,13,13,13,0.9132929,8.026822,0,1,354880720211119110,2022-04-28,0.0,2.0,161957.0,20.1428571428571,84.5272571428571,1,0,1,,,,,,,,,,3060
2021-03-07,202110,12.0,12,12,12,0.95102066,7.409374,0,1,354880720211019110,2022-04-28,11.0,2.0,161957.0,19.0,86.7035428571428,0,1,1,,,,,,,,,,3060
2021-02-28,202109,4.0,4,4,4,0.46352687,2.4697914,0,2,354880720210919110,2022-04-28,1.0,1.0,161957.0,20.4285714285714,86.0647428571429,1,0,0,,,,,,,,,,3060
2021-02-21,202108,7.0,7,7,7,0.8645367,4.322135,0,1,354880720210819110,2022-04-28,2.0,2.0,161957.0,19.1428571428571,85.9730857142857,1,0,1,,,,,,,,,,3060
2021-02-14,202107,3.0,3,3,3,0.4785214,1.8523436,0,1,354880720210719110,2022-04-28,1.0,1.0,161957.0,19.4285714285714,86.1847,1,0,0,,,,,,,,,,3060
2021-02-07,202106,4.0,4,4,4,0.72011656,2.4697914,0,1,354880720210619110,2022-04-28,1.0,2.0,161957.0,18.2857142857143,85.1251571428571,0,0,0,,,,,,,,,,3060
2021-01-31,202105,3.0,3,3,3,0.62756723,1.8523436,0,2,354880720210519110,2022-04-28,3.0,1.0,161957.0,21.1428571428571,83.2154714285714,1,0,0,,,,,,,,,,3060
2021-01-24,202104,3.0,3,3,3,0.64046556,1.8523436,0,2,354880720210419110,2022-04-28,2.0,1.0,161957.0,21.4285714285714,79.0652142857143,1,0,0,,,,,,,,,,3060
2021-01-17,202103,1.0,1,1,1,0.37235495,0.61744785,0,2,354880720210319110,2022-04-28,4.0,1.0,161957.0,21.0,82.6518285714286,1,0,0,,,,,,,,,,3060
2021-01-10,202102,4.0,4,4,4,0.9770342,2.4697914,0,1,354880720210219110,2022-04-28,3.0,8.0,161957.0,20.8571428571429,86.9066142857143,1,0,0,,,,,,,,,,3060
2021-01-03,202101,1.0,1,1,1,0.81188023,0.61744785,0,1,354880720210119110,2022-04-28,2.0,3.0,161957.0,20.1428571428571,83.8597,1,0,0,,,,,,,,,,3060
2020-12-27,202053,0.0,0,0,0,0.0,0.0,0,1,354880720205319110,2022-04-28,0.0,0.0,161957.0,19.5,88.27,0,0,0,,,,,,,,,,3060
2020-12-20,202052,0.0,0,0,0,0.0,0.0,0,1,354880720205219110,2022-04-28,0.0,0.0,161957.0,19.2857142857143,,0,0,0,,,,,,,,,,3060
2020-12-13,202051,1.0,1,1,1,0.5223627,0.61744785,0,1,354880720205119110,2022-04-28,0.0,1.0,161957.0,19.0714285714286,,1,0,0,,,,,,,,,,3060
2020-12-06,202050,0.0,0,0,0,0.0,0.0,0,1,354880720205019110,2022-04-28,0.0,0.0,161957.0,18.8571428571429,,0,0,0,,,,,,,,,,3060
2020-11-29,202049,1.0,1,1,1,0.68664473,0.61744785,0,1,354880720204919110,2022-04-28,0.0,2.0,161957.0,18.6428571428571,,0,0,0,,,,,,,,,,3060
2020-11-22,202048,2.0,2,2,2,0.9661878,1.2348957,0,1,354880720204819110,2022-04-28,0.0,12.0,161957.0,18.4285714285714,77.8529428571429,0,0,0,,,,,,,,,,3060
2020-11-15,202047,0.0,0,0,0,0.0,0.0,0,1,354880720204719110,2022-04-28,0.0,0.0,161957.0,17.0,85.0024142857143,0,0,0,,,,,,,,,,3060
2020-11-08,202046,0.0,0,0,0,0.0,0.0,0,1,354880720204619110,2022-04-28,0.0,0.0,161957.0,18.0,87.3807428571429,0,0,0,,,,,,,,,,3060
2020-11-01,202045,0.0,0,0,0,0.0,0.0,0,1,354880720204519110,2022-04-28,0.0,0.0,161957.0,13.2857142857143,84.6391285714286,0,0,0,,,,,,,,,,3060
2020-10-25,202044,1.0,1,1,1,0.92503905,0.61744785,0,1,354880720204419110,2022-04-28,0.0,9.0,161957.0,17.7142857142857,83.6668428571429,0,0,0,,,,,,,,,,3060
2020-10-18,202043,0.0,0,0,0,0.0,0.0,0,1,354880720204319110,2022-04-28,0.0,0.0,161957.0,17.1428571428571,83.5268714285714,0,0,0,,,,,,,,,,3060
2020-10-11,202042,0.0,0,0,0,0.0,0.0,0,1,354880720204219110,2022-04-28,0.0,0.0,161957.0,15.5714285714286,88.0434142857143,0,0,0,,,,,,,,,,3060
2020-10-04,202041,0.0,0,0,0,0.0,0.0,0,1,354880720204119110,2022-04-28,0.0,0.0,161957.0,18.7142857142857,90.7665,0,0,0,,,,,,,,,,3060
2020-09-27,202040,1.0,1,1,1,0.725794,0.61744785,0,1,354880720204019110,2022-04-28,0.0,2.0,161957.0,22.0,74.0885142857143,1,0,0,,,,,,,,,,3060
2020-09-20,202039,1.0,1,1,1,0.5609609,0.61744785,0,1,354880720203919110,2022-04-28,0.0,1.0,161957.0,15.2857142857143,89.4744,0,0,0,,,,,,,,,,3060
2020-09-13,202038,0.0,0,0,0,0.0,0.0,0,1,354880720203819110,2022-04-28,0.0,0.0,161957.0,18.4285714285714,81.8847714285714,0,0,0,,,,,,,,,,3060
2020-09-06,202037,0.0,0,0,0,0.0,0.0,0,1,354880720203719110,2022-04-28,0.0,0.0,161957.0,18.4285714285714,85.9345,0,0,0,,,,,,,,,,3060
2020-08-30,202036,3.0,3,3,3,0.9297824,1.8523436,0,1,354880720203619110,2022-04-28,0.0,5.0,161957.0,16.7142857142857,86.6783857142857,0,0,0,,,,,,,,,,3060
2020-08-23,202035,1.0,1,1,1,0.70372045,0.61744785,0,1,354880720203519110,2022-04-28,0.0,2.0,161957.0,11.7142857142857,84.4686285714286,0,0,0,,,,,,,,,,3060
2020-08-16,202034,0.0,0,0,0,0.0,0.0,0,1,354880720203419110,2022-04-28,0.0,0.0,161957.0,13.4285714285714,92.0775857142857,0,0,0,,,,,,,,,,3060
2020-08-09,202033,1.0,1,1,1,0.72824615,0.61744785,0,1,354880720203319110,2022-04-28,0.0,2.0,161957.0,16.4285714285714,80.5834714285714,0,0,0,,,,,,,,,,3060
2020-08-02,202032,0.0,0,0,0,0.0,0.0,0,1,354880720203219110,2022-04-28,0.0,0.0,161957.0,12.8571428571429,89.5071857142857,0,0,0,,,,,,,,,,3060
2020-07-26,202031,1.0,1,1,1,0.7798041,0.61744785,0,1,354880720203119110,2022-04-28,0.0,3.0,161957.0,14.1428571428571,88.8665714285714,0,0,0,,,,,,,,,,3060
2020-07-19,202030,0.0,0,0,0,0.0,0.0,0,1,354880720203019110,2022-04-28,0.0,0.0,161957.0,16.0,73.9078428571429,0,0,0,,,,,,,,,,3060
2020-07-12,202029,0.0,0,0,0,0.0,0.0,0,1,354880720202919110,2022-04-28,0.0,0.0,161957.0,14.8571428571429,85.9825142857143,0,0,0,,,,,,,,,,3060
2020-07-05,202028,1.0,1,1,1,0.46703032,0.61744785,0,1,354880720202819110,2022-04-28,0.0,1.0,161957.0,15.5714285714286,78.5127142857143,0,0,0,,,,,,,,,,3060
2020-06-28,202027,1.0,1,1,1,0.66142285,0.61744785,0,1,354880720202719110,2022-04-28,0.0,2.0,161957.0,12.7142857142857,87.0586571428571,0,0,0,,,,,,,,,,3060
2020-06-21,202026,2.0,2,2,2,0.90843767,1.2348957,0,1,354880720202619110,2022-04-28,0.0,5.0,161957.0,15.5714285714286,77.9879714285714,0,0,0,,,,,,,,,,3060
2020-06-14,202025,0.0,0,0,0,0.0,0.0,0,1,354880720202519110,2022-04-28,0.0,0.0,161957.0,15.5714285714286,84.9755857142857,0,0,0,,,,,,,,,,3060
2020-06-07,202024,0.0,0,0,0,0.0,0.0,0,1,354880720202419110,2022-04-28,0.0,0.0,161957.0,18.2857142857143,84.5917571428571,0,0,0,,,,,,,,,,3060
2020-05-31,202023,1.0,1,1,1,0.81445277,0.61744785,0,1,354880720202319110,2022-04-28,0.0,3.0,161957.0,15.4285714285714,88.8795,0,0,0,,,,,,,,,,3060
2020-05-24,202022,1.0,1,1,1,0.9602243,0.61744785,0,1,354880720202219110,2022-04-28,0.0,17.0,161957.0,10.8571428571429,84.5958857142857,0,0,0,,,,,,,,,,3060
2020-05-17,202021,0.0,0,0,0,0.0,0.0,0,1,354880720202119110,2022-04-28,0.0,0.0,161957.0,15.0,87.7288,0,0,0,,,,,,,,,,3060
2020-05-10,202020,0.0,0,0,0,0.0,0.0,0,1,354880720202019110,2022-04-28,0.0,0.0,161957.0,14.2857142857143,84.8638714285714,0,0,0,,,,,,,,,,3060
2020-05-03,202019,0.0,0,0,0,0.0,0.0,0,1,354880720201919110,2022-04-28,0.0,0.0,161957.0,14.0,89.5801571428571,0,0,0,,,,,,,,,,3060
2020-04-26,202018,0.0,0,0,0,0.0,0.0,0,1,354880720201819110,2022-04-28,0.0,0.0,161957.0,16.8571428571429,87.5623142857143,0,0,0,,,,,,,,,,3060
2020-04-19,202017,1.0,1,1,1,0.65724695,0.61744785,0,1,354880720201719110,2022-04-28,0.0,2.0,161957.0,15.1428571428571,90.4393,0,0,0,,,,,,,,,,3060
2020-04-12,202016,1.0,1,1,1,0.5485588,0.61744785,0,1,354880720201619110,2022-04-28,0.0,1.0,161957.0,16.0,86.4632142857143,0,0,0,,,,,,,,,,3060
2020-04-05,202015,0.0,0,0,0,0.0,0.0,0,1,354880720201519110,2022-04-28,0.0,0.0,161957.0,15.8571428571429,88.8671571428571,0,0,0,,,,,,,,,,3060
2020-03-29,202014,1.0,1,1,1,0.2159906,0.61744785,0,1,354880720201419110,2022-04-28,0.0,0.0,161957.0,18.8571428571429,88.2755428571429,0,0,0,,,,,,,,,,3060
2020-03-22,202013,1.0,1,1,1,0.14562865,0.61744785,0,1,354880720201319110,2022-04-28,0.0,0.0,161957.0,16.7142857142857,85.7701571428571,0,0,0,,,,,,,,,,3060
2020-03-15,202012,3.0,3,3,3,0.4273696,1.8523436,0,1,354880720201219110,2022-04-28,0.0,1.0,161957.0,20.5714285714286,86.9672571428571,1,0,0,,,,,,,,,,3060
2020-03-08,202011,2.0,2,2,2,0.21246059,1.2348957,0,1,354880720201119110,2022-04-28,0.0,1.0,161957.0,18.1428571428571,89.0178142857143,0,0,0,,,,,,,,,,3060
2020-03-01,202010,4.0,4,4,4,0.5868193,2.4697914,0,1,354880720201019110,2022-04-28,0.0,1.0,161957.0,16.5714285714286,92.2063,0,0,0,,,,,,,,,,3060
2020-02-23,202009,4.0,4,4,4,0.6822117,2.4697914,0,1,354880720200919110,2022-04-28,0.0,1.0,161957.0,17.8571428571429,92.2576714285714,0,0,0,,,,,,,,,,3060
2020-02-16,202008,4.0,4,4,4,0.70934397,2.4697914,0,1,354880720200819110,2022-04-28,0.0,1.0,161957.0,21.4285714285714,86.9066142857143,1,0,0,,,,,,,,,,3060
2020-02-09,202007,2.0,2,2,2,0.30169365,1.2348957,0,1,354880720200719110,2022-04-28,0.0,1.0,161957.0,18.5714285714286,90.7514571428571,0,0,0,,,,,,,,,,3060
2020-02-02,202006,3.0,3,3,3,0.37488747,1.8523436,0,1,354880720200619110,2022-04-28,0.0,1.0,161957.0,20.0,90.8168571428571,1,0,0,,,,,,,,,,3060
2020-01-26,202005,2.0,2,2,2,0.21390355,1.2348957,0,1,354880720200519110,2022-04-28,0.0,1.0,161957.0,20.1428571428571,84.9227428571429,1,0,0,,,,,,,,,,3060
2020-01-19,202004,5.0,5,5,5,0.7816709,3.0872393,0,1,354880720200419110,2022-04-28,0.0,2.0,161957.0,18.0,89.0056,0,0,0,,,,,,,,,,3060
2020-01-12,202003,4.0,4,4,4,0.81761026,2.4697914,0,2,354880720200319110,2022-04-28,0.0,2.0,161957.0,19.8571428571429,90.7912142857143,1,0,0,,,,,,,,,,3060
2020-01-05,202002,3.0,3,3,3,0.7391873,1.8523436,0,1,354880720200219110,2022-04-28,0.0,2.0,161957.0,21.1428571428571,88.7024428571429,1,0,0,,,,,,,,,,3060
2019-12-29,202001,2.0,2,2,2,0.42663026,1.2348957,0,1,354880720200119110,2022-04-28,0.0,1.0,161957.0,20.0,88.5325,1,0,0,,,,,,,,,,3060
2019-12-22,201952,0.0,0,0,0,0.0,0.0,0,1,354880720195219110,2022-04-28,0.0,0.0,161957.0,19.7142857142857,85.2984142857143,0,0,0,,,,,,,,,,3060
2019-12-15,201951,4.0,4,4,4,0.8105078,2.4697914,0,1,354880720195119110,2022-04-28,0.0,2.0,161957.0,20.5714285714286,86.1652,1,0,0,,,,,,,,,,3060
2019-12-08,201950,2.0,2,2,2,0.6375583,1.2348957,0,1,354880720195019110,2022-04-28,0.0,1.0,161957.0,19.1428571428571,85.2194857142857,1,0,0,,,,,,,,,,3060
2019-12-01,201949,3.0,3,3,3,0.7950429,1.8523436,0,1,354880720194919110,2022-04-28,0.0,2.0,161957.0,18.2857142857143,88.2600285714286,0,0,0,,,,,,,,,,3060
2019-11-24,201948,0.0,0,0,0,0.0,0.0,0,1,354880720194819110,2022-04-28,0.0,0.0,161957.0,16.2857142857143,86.5040285714286,0,0,0,,,,,,,,,,3060
2019-11-17,201947,2.0,2,2,2,0.8286693,1.2348957,0,1,354880720194719110,2022-04-28,0.0,3.0,161957.0,17.8571428571429,84.3076285714286,0,0,0,,,,,,,,,,3060
2019-11-10,201946,2.0,2,2,2,0.8310475,1.2348957,0,1,354880720194619110,2022-04-28,0.0,3.0,161957.0,18.2857142857143,89.0426,0,0,0,,,,,,,,,,3060
2019-11-03,201945,0.0,0,0,0,0.0,0.0,0,1,354880720194519110,2022-04-28,0.0,0.0,161957.0,19.7142857142857,88.6278,0,0,0,,,,,,,,,,3060
2019-10-27,201944,0.0,0,0,0,0.0,0.0,0,1,354880720194419110,2022-04-28,0.0,0.0,161957.0,20.2857142857143,82.4842,0,0,0,,,,,,,,,,3060
2019-10-20,201943,2.0,2,2,2,0.84544986,1.2348957,0,1,354880720194319110,2022-04-28,0.0,3.0,161957.0,16.2857142857143,88.9117285714286,0,0,0,,,,,,,,,,3060
2019-10-13,201942,2.0,2,2,2,0.92080325,1.2348957,0,1,354880720194219110,2022-04-28,0.0,6.0,161957.0,19.5714285714286,85.1775428571429,1,0,0,,,,,,,,,,3060
2019-10-06,201941,0.0,0,0,0,0.0,0.0,0,1,354880720194119110,2022-04-28,0.0,0.0,161957.0,17.4285714285714,90.6322714285714,0,0,0,,,,,,,,,,3060
2019-09-29,201940,0.0,0,0,0,0.0,0.0,0,1,354880720194019110,2022-04-28,0.0,0.0,161957.0,16.4285714285714,83.4077571428572,0,0,0,,,,,,,,,,3060
2019-09-22,201939,1.0,1,1,1,0.69927895,0.61744785,0,1,354880720193919110,2022-04-28,0.0,2.0,161957.0,14.1428571428571,91.2361714285714,0,0,0,,,,,,,,,,3060
2019-09-15,201938,0.0,0,0,0,0.0,0.0,0,1,354880720193819110,2022-04-28,0.0,0.0,161957.0,19.0,81.9278857142857,0,0,0,,,,,,,,,,3060
2019-09-08,201937,1.0,1,1,1,0.48015618,0.61744785,0,1,354880720193719110,2022-04-28,0.0,1.0,161957.0,19.4285714285714,73.7310285714286,1,0,0,,,,,,,,,,3060
2019-09-01,201936,0.0,0,0,0,0.0,0.0,0,1,354880720193619110,2022-04-28,0.0,0.0,161957.0,14.5714285714286,93.8265571428571,0,0,0,,,,,,,,,,3060
2019-08-25,201935,1.0,1,1,1,0.22017434,0.61744785,0,1,354880720193519110,2022-04-28,0.0,0.0,161957.0,14.5714285714286,84.1728,0,0,0,,,,,,,,,,3060
2019-08-18,201934,2.0,2,2,2,0.40830395,1.2348957,0,1,354880720193419110,2022-04-28,0.0,1.0,161957.0,14.1428571428571,89.3308714285714,0,0,0,,,,,,,,,,3060
2019-08-11,201933,2.0,2,2,2,0.3997784,1.2348957,0,1,354880720193319110,2022-04-28,0.0,1.0,161957.0,14.0,84.1636571428571,0,0,0,,,,,,,,,,3060
2019-08-04,201932,3.0,3,3,3,0.5645727,1.8523436,0,1,354880720193219110,2022-04-28,0.0,1.0,161957.0,14.0,84.0718142857143,0,0,0,,,,,,,,,,3060
2019-07-28,201931,2.0,2,2,2,0.25465155,1.2348957,0,1,354880720193119110,2022-04-28,0.0,1.0,161957.0,14.4285714285714,85.0384714285714,0,0,0,,,,,,,,,,3060
2019-07-21,201930,3.0,3,3,3,0.18967646,1.8523436,0,1,354880720193019110,2022-04-28,0.0,1.0,161957.0,15.4285714285714,78.0773714285714,0,0,0,,,,,,,,,,3060
2019-07-14,201929,2.0,2,2,2,0.034925275,1.2348957,0,1,354880720192919110,2022-04-28,0.0,0.0,161957.0,12.4285714285714,86.2487285714286,0,0,0,,,,,,,,,,3060
2019-07-07,201928,5.0,5,5,5,0.32175136,3.0872393,0,1,354880720192819110,2022-04-28,0.0,1.0,161957.0,9.71428571428571,88.5794857142857,0,0,0,,,,,,,,,,3060
2019-06-30,201927,10.0,10,10,10,0.8555363,6.1744785,0,1,354880720192719110,2022-04-28,0.0,2.0,161957.0,15.1428571428571,81.1062571428571,0,0,1,,,,,,,,,,3060
2019-06-23,201926,6.0,6,6,6,0.42034203,3.704687,0,1,354880720192619110,2022-04-28,0.0,1.0,161957.0,16.8571428571429,80.5783571428571,0,0,1,,,,,,,,,,3060
2019-06-16,201925,4.0,4,4,4,0.09440051,2.4697914,0,2,354880720192519110,2022-04-28,0.0,0.0,161957.0,16.1428571428571,83.4156285714286,0,0,0,,,,,,,,,,3060
2019-06-09,201924,8.0,8,8,8,0.23945387,4.939583,0,2,354880720192419110,2022-04-28,0.0,1.0,161957.0,14.8571428571429,85.6389285714286,0,0,1,,,,,,,,,,3060
2019-06-02,201923,6.0,6,6,6,0.039782226,3.704687,0,2,354880720192319110,2022-04-28,0.0,0.0,161957.0,14.0,89.5145857142857,0,0,1,,,,,,,,,,3060
2019-05-26,201922,13.0,13,13,13,0.35415354,8.026822,0,2,354880720192219110,2022-04-28,0.0,1.0,161957.0,17.0,87.3181857142857,0,0,1,,,,,,,,,,3060
2019-05-19,201921,12.0,12,12,12,0.36282498,7.409374,0,4,354880720192119110,2022-04-28,0.0,1.0,161957.0,15.5714285714286,88.8444571428571,0,0,1,,,,,,,,,,3060
2019-05-12,201920,18.0,18,18,18,0.8996784,11.114061,0,4,354880720192019110,2022-04-28,0.0,2.0,161957.0,18.0,89.7819857142857,0,0,2,,,,,,,,,,3060
2019-05-05,201919,15.0,15,15,15,0.83618253,9.261718,0,1,354880720191919110,2022-04-28,0.0,1.0,161957.0,18.7142857142857,88.9921,0,0,2,,,,,,,,,,3060
2019-04-28,201918,9.0,9,9,9,0.3486688,5.5570307,0,1,354880720191819110,2022-04-28,0.0,1.0,161957.0,19.7142857142857,85.3822714285714,1,0,1,,,,,,,,,,3060
2019-04-21,201917,10.0,10,10,10,0.4465118,6.1744785,0,1,354880720191719110,2022-04-28,0.0,1.0,161957.0,20.0,86.9544,1,0,1,,,,,,,,,,3060
2019-04-14,201916,10.0,10,10,10,0.6297024,6.1744785,0,1,354880720191619110,2022-04-28,0.0,1.0,161957.0,18.0,87.4257857142857,0,0,1,,,,,,,,,,3060
2019-04-07,201915,14.0,14,14,14,0.948323,8.64427,0,1,354880720191519110,2022-04-28,0.0,2.0,161957.0,19.1428571428571,92.3488857142857,1,0,2,,,,,,,,,,3060
2019-03-31,201914,7.0,7,7,7,0.6922594,4.322135,0,1,354880720191419110,2022-04-28,0.0,1.0,161957.0,19.7142857142857,81.1977,1,0,1,,,,,,,,,,3060
2019-03-24,201913,6.0,6,6,6,0.79281735,3.704687,0,1,354880720191319110,2022-04-28,0.0,2.0,161957.0,18.2857142857143,88.2285142857143,0,0,1,,,,,,,,,,3060
2019-03-17,201912,8.0,8,8,8,0.93897414,4.939583,0,1,354880720191219110,2022-04-28,0.0,3.0,161957.0,19.2857142857143,89.8915857142857,1,0,1,,,,,,,,,,3060
2019-03-10,201911,0.0,0,0,0,0.0,0.0,0,1,354880720191119110,2022-04-28,0.0,0.0,161957.0,21.0,88.4541428571429,0,0,0,,,,,,,,,,3060
2019-03-03,201910,5.0,5,5,5,0.80380523,3.0872393,0,2,354880720191019110,2022-04-28,0.0,2.0,161957.0,21.1428571428571,85.4591714285714,1,0,0,,,,,,,,,,3060
2019-02-24,201909,2.0,2,2,2,0.4330366,1.2348957,0,2,354880720190919110,2022-04-28,0.0,1.0,161957.0,20.7142857142857,84.9858142857143,1,0,0,,,,,,,,,,3060
2019-02-17,201908,4.0,4,4,4,0.77476174,2.4697914,0,1,354880720190819110,2022-04-28,0.0,2.0,161957.0,20.7142857142857,89.3626285714286,1,0,0,,,,,,,,,,3060
2019-02-10,201907,1.0,1,1,1,0.22844397,0.61744785,0,1,354880720190719110,2022-04-28,0.0,0.0,161957.0,20.1428571428571,84.0373428571429,1,0,0,,,,,,,,,,3060
2019-02-03,201906,3.0,3,3,3,0.7102908,1.8523436,0,1,354880720190619110,2022-04-28,0.0,2.0,161957.0,18.1428571428571,89.9362,0,0,0,,,,,,,,,,3060
2019-01-27,201905,2.0,2,2,2,0.4668039,1.2348957,0,2,354880720190519110,2022-04-28,0.0,1.0,161957.0,22.1428571428571,81.9931285714286,1,0,0,,,,,,,,,,3060
2019-01-20,201904,2.0,2,2,2,0.23746595,1.2348957,0,2,354880720190419110,2022-04-28,0.0,1.0,161957.0,21.2857142857143,88.5890571428571,1,0,0,,,,,,,,,,3060
2019-01-13,201903,1.0,1,1,1,0.049864992,0.61744785,0,2,354880720190319110,2022-04-28,0.0,0.0,161957.0,21.8571428571429,83.9800428571428,1,0,0,,,,,,,,,,3060
2019-01-06,201902,3.0,3,3,3,0.49392664,1.8523436,0,2,354880720190219110,2022-04-28,0.0,1.0,161957.0,21.8571428571429,84.3839571428571,1,0,0,,,,,,,,,,3060
2018-12-30,201901,8.0,8,8,8,0.9864732,4.939583,0,2,354880720190119110,2022-04-28,0.0,5.0,161957.0,21.1428571428571,85.5850714285714,1,1,1,,,,,,,,,,3060
2018-12-23,201852,1.0,1,1,1,0.48460266,0.61744785,0,2,354880720185219110,2022-04-28,0.0,1.0,161957.0,19.1428571428571,86.7457,1,0,0,,,,,,,,,,3060
2018-12-16,201851,2.0,2,2,2,0.79249156,1.2348957,0,1,354880720185119110,2022-04-28,0.0,2.0,161957.0,22.0,84.8813,1,0,0,,,,,,,,,,3060
2018-12-09,201850,1.0,1,1,1,0.5125308,0.61744785,0,1,354880720185019110,2022-04-28,0.0,1.0,161957.0,19.2857142857143,73.6274285714286,1,0,0,,,,,,,,,,3060
2018-12-02,201849,0.0,0,0,0,0.0,0.0,0,1,354880720184919110,2022-04-28,0.0,0.0,161957.0,17.1428571428571,88.2897142857143,0,0,0,,,,,,,,,,3060
2018-11-25,201848,2.0,2,2,2,0.710275,1.2348957,0,1,354880720184819110,2022-04-28,0.0,2.0,161957.0,18.2857142857143,89.1183,0,0,0,,,,,,,,,,3060
2018-11-18,201847,0.0,0,0,0,0.0,0.0,0,1,354880720184719110,2022-04-28,0.0,0.0,161957.0,17.2857142857143,89.7201857142857,0,0,0,,,,,,,,,,3060
2018-11-11,201846,2.0,2,2,2,0.9061349,1.2348957,0,1,354880720184619110,2022-04-28,0.0,5.0,161957.0,19.4285714285714,88.6327571428571,1,0,0,,,,,,,,,,3060
2018-11-04,201845,1.0,1,1,1,0.75116026,0.61744785,0,1,354880720184519110,2022-04-28,0.0,2.0,161957.0,16.5714285714286,88.8899857142857,0,0,0,,,,,,,,,,3060
2018-10-28,201844,0.0,0,0,0,0.0,0.0,0,1,354880720184419110,2022-04-28,0.0,0.0,161957.0,16.4285714285714,88.8446428571429,0,0,0,,,,,,,,,,3060
2018-10-21,201843,0.0,0,0,0,0.0,0.0,0,1,354880720184319110,2022-04-28,0.0,0.0,161957.0,16.7142857142857,90.5099571428571,0,0,0,,,,,,,,,,3060
2018-10-14,201842,1.0,1,1,1,0.39616683,0.61744785,0,1,354880720184219110,2022-04-28,0.0,1.0,161957.0,17.4285714285714,91.4469285714286,0,0,0,,,,,,,,,,3060
2018-10-07,201841,2.0,2,2,2,0.85974437,1.2348957,0,1,354880720184119110,2022-04-28,0.0,3.0,161957.0,18.1428571428571,93.1072142857143,0,0,0,,,,,,,,,,3060
2018-09-30,201840,2.0,2,2,2,0.9760217,1.2348957,0,1,354880720184019110,2022-04-28,0.0,17.0,161957.0,17.8571428571429,87.6015714285714,0,0,0,,,,,,,,,,3060
2018-09-23,201839,0.0,0,0,0,0.0,0.0,0,1,354880720183919110,2022-04-28,0.0,0.0,161957.0,18.0,85.1383428571429,0,0,0,,,,,,,,,,3060
2018-09-16,201838,0.0,0,0,0,0.0,0.0,0,1,354880720183819110,2022-04-28,0.0,0.0,161957.0,16.7142857142857,88.1436285714286,0,0,0,,,,,,,,,,3060
2018-09-09,201837,0.0,0,0,0,0.0,0.0,0,1,354880720183719110,2022-04-28,0.0,0.0,161957.0,15.0,87.1482142857143,0,0,0,,,,,,,,,,3060
2018-09-02,201836,0.0,0,0,0,0.0,0.0,0,1,354880720183619110,2022-04-28,0.0,0.0,161957.0,12.8571428571429,86.2867857142857,0,0,0,,,,,,,,,,3060
2018-08-26,201835,2.0,2,2,2,0.7937263,1.2348957,0,1,354880720183519110,2022-04-28,0.0,2.0,161957.0,14.2857142857143,84.5131571428571,0,0,0,,,,,,,,,,3060
2018-08-19,201834,2.0,2,2,2,0.8679508,1.2348957,0,1,354880720183419110,2022-04-28,0.0,4.0,161957.0,16.1428571428571,82.1112428571429,0,0,0,,,,,,,,,,3060
2018-08-12,201833,0.0,0,0,0,0.0,0.0,0,1,354880720183319110,2022-04-28,0.0,0.0,161957.0,11.8571428571429,90.2203857142857,0,0,0,,,,,,,,,,3060
2018-08-05,201832,1.0,1,1,1,0.701562,0.61744785,0,1,354880720183219110,2022-04-28,0.0,2.0,161957.0,12.8571428571429,86.2672,0,0,0,,,,,,,,,,3060
2018-07-29,201831,0.0,0,0,0,0.0,0.0,0,1,354880720183119110,2022-04-28,0.0,0.0,161957.0,14.4285714285714,88.5513428571429,0,0,0,,,,,,,,,,3060
2018-07-22,201830,1.0,1,1,1,0.61579853,0.61744785,0,1,354880720183019110,2022-04-28,0.0,1.0,161957.0,15.0,88.0369142857143,0,0,0,,,,,,,,,,3060
2018-07-15,201829,0.0,0,0,0,0.0,0.0,0,1,354880720182919110,2022-04-28,0.0,0.0,161957.0,14.8571428571429,78.0502,0,0,0,,,,,,,,,,3060
2018-07-08,201828,1.0,1,1,1,0.6633956,0.61744785,0,1,354880720182819110,2022-04-28,0.0,2.0,161957.0,11.8571428571429,83.3344428571429,0,0,0,,,,,,,,,,3060
2018-07-01,201827,1.0,1,1,1,0.61579853,0.61744785,0,1,354880720182719110,2022-04-28,0.0,1.0,161957.0,15.4285714285714,85.1912714285714,0,0,0,,,,,,,,,,3060
2018-06-24,201826,0.0,0,0,0,0.0,0.0,0,1,354880720182619110,2022-04-28,0.0,0.0,161957.0,16.4285714285714,75.9768142857143,0,0,0,,,,,,,,,,3060
2018-06-17,201825,1.0,1,1,1,0.6634571,0.61744785,0,1,354880720182519110,2022-04-28,0.0,2.0,161957.0,14.7142857142857,86.4563571428571,0,0,0,,,,,,,,,,3060
2018-06-10,201824,1.0,1,1,1,0.6176931,0.61744785,0,1,354880720182419110,2022-04-28,0.0,1.0,161957.0,15.8571428571429,89.1837571428571,0,0,0,,,,,,,,,,3060
2018-06-03,201823,0.0,0,0,0,0.0,0.0,0,1,354880720182319110,2022-04-28,0.0,0.0,161957.0,14.7142857142857,90.3928428571429,0,0,0,,,,,,,,,,3060
2018-05-27,201822,1.0,1,1,1,0.7843907,0.61744785,0,1,354880720182219110,2022-04-28,0.0,3.0,161957.0,14.7142857142857,81.3858714285714,0,0,0,,,,,,,,,,3060
2018-05-20,201821,1.0,1,1,1,0.80698144,0.61744785,0,1,354880720182119110,2022-04-28,0.0,3.0,161957.0,12.1428571428571,86.3299714285714,0,0,0,,,,,,,,,,3060
2018-05-13,201820,0.0,0,0,0,0.0,0.0,0,1,354880720182019110,2022-04-28,0.0,0.0,161957.0,16.7142857142857,88.1359142857143,0,0,0,,,,,,,,,,3060
2018-05-06,201819,0.0,0,0,0,0.0,0.0,0,1,354880720181919110,2022-04-28,0.0,0.0,161957.0,16.8571428571429,87.3878571428571,0,0,0,,,,,,,,,,3060
2018-04-29,201818,1.0,1,1,1,0.34217733,0.61744785,0,1,354880720181819110,2022-04-28,0.0,1.0,161957.0,18.4285714285714,86.0137857142857,0,0,0,,,,,,,,,,3060
2018-04-22,201817,0.0,0,0,0,0.0,0.0,0,1,354880720181719110,2022-04-28,0.0,0.0,161957.0,17.2857142857143,88.1119142857143,0,0,0,,,,,,,,,,3060
2018-04-15,201816,3.0,3,3,3,0.8794194,1.8523436,0,1,354880720181619110,2022-04-28,0.0,3.0,161957.0,15.8571428571429,86.4204,0,0,0,,,,,,,,,,3060
2018-04-04,201815,1.0,1,1,1,0.4569171,0.61744785,0,1,354880720181519110,2022-04-28,0.0,1.0,161957.0,18.8571428571429,85.1544285714286,0,0,0,,,,,,,,,,3060
2018-04-01,201814,1.0,1,1,1,0.29942492,0.61744785,0,1,354880720181419110,2022-04-28,0.0,1.0,161957.0,19.4285714285714,89.0606714285714,1,0,0,,,,,,,,,,3060
2018-03-25,201813,0.0,0,0,0,0.0,0.0,0,1,354880720181319110,2022-04-28,0.0,0.0,161957.0,20.4285714285714,87.0610142857143,0,0,0,,,,,,,,,,3060
2018-03-18,201812,3.0,3,3,3,0.8532206,1.8523436,0,1,354880720181219110,2022-04-28,0.0,3.0,161957.0,20.7142857142857,89.9830142857143,1,0,0,,,,,,,,,,3060
2018-03-11,201811,2.0,2,2,2,0.55750346,1.2348957,0,1,354880720181119110,2022-04-28,0.0,1.0,161957.0,20.8571428571429,86.3159428571429,1,0,0,,,,,,,,,,3060
2018-03-04,201810,0.0,0,0,0,0.0,0.0,0,1,354880720181019110,2022-04-28,0.0,0.0,161957.0,20.4285714285714,89.1563857142857,0,0,0,,,,,,,,,,3060
2018-02-25,201809,1.0,1,1,1,0.088575244,0.61744785,0,2,354880720180919110,2022-04-28,0.0,0.0,161957.0,20.1428571428571,87.6187142857143,1,0,0,,,,,,,,,,3060
2018-02-18,201808,4.0,4,4,4,0.64469135,2.4697914,0,1,354880720180819110,2022-04-28,0.0,1.0,161957.0,19.5714285714286,85.2839714285714,1,0,0,,,,,,,,,,3060
2018-02-11,201807,5.0,5,5,5,0.7139909,3.0872393,0,1,354880720180719110,2022-04-28,0.0,1.0,161957.0,19.1428571428571,88.4648857142857,1,0,0,,,,,,,,,,3060
2018-02-04,201806,1.0,1,1,1,0.07607184,0.61744785,0,1,354880720180619110,2022-04-28,0.0,0.0,161957.0,18.8571428571429,82.6560142857143,0,0,0,,,,,,,,,,3060
2018-01-28,201805,4.0,4,4,4,0.6254864,2.4697914,0,1,354880720180519110,2022-04-28,0.0,1.0,161957.0,18.7142857142857,89.0885714285714,0,0,0,,,,,,,,,,3060
2018-01-21,201804,5.0,5,5,5,0.85211694,3.0872393,0,1,354880720180419110,2022-04-28,0.0,2.0,161957.0,20.4285714285714,86.1914285714286,1,0,0,,,,,,,,,,3060
2018-01-14,201803,2.0,2,2,2,0.6945999,1.2348957,0,1,354880720180319110,2022-04-28,0.0,2.0,161957.0,21.2857142857143,84.0145,1,0,0,,,,,,,,,,3060
2018-01-07,201802,4.0,4,4,4,0.93738735,2.4697914,0,1,354880720180219110,2022-04-28,0.0,4.0,161957.0,19.0,88.4673142857143,0,0,0,,,,,,,,,,3060
2017-12-31,201801,0.0,0,0,0,0.0,0.0,0,1,354880720180119110,2022-04-28,0.0,0.0,161957.0,19.7142857142857,86.0425,0,0,0,,,,,,,,,,3060
2017-12-24,201752,0.0,0,0,0,0.0,0.0,0,1,354880720175219110,2022-04-28,0.0,0.0,161957.0,20.7142857142857,87.0248428571429,0,0,0,,,,,,,,,,3060
2017-12-17,201751,2.0,2,2,2,0.13065197,1.2348957,0,1,354880720175119110,2022-04-28,0.0,0.0,161957.0,20.5714285714286,83.2158,1,0,0,,,,,,,,,,3060
2017-12-10,201750,5.0,5,5,5,0.7297357,3.0872393,0,1,354880720175019110,2022-04-28,0.0,2.0,161957.0,18.0,83.7520571428571,0,0,0,,,,,,,,,,3060
2017-12-03,201749,7.0,7,7,7,0.9282494,4.322135,0,1,354880720174919110,2022-04-28,0.0,3.0,161957.0,19.0,89.1164571428571,0,0,1,,,,,,,,,,3060
2017-11-26,201748,2.0,2,2,2,0.3331854,1.2348957,0,1,354880720174819110,2022-04-28,0.0,1.0,161957.0,17.7142857142857,88.2263857142857,0,0,0,,,,,,,,,,3060
2017-11-19,201747,1.0,1,1,1,0.2166553,0.61744785,0,1,354880720174719110,2022-04-28,0.0,0.0,161957.0,17.1428571428571,89.8921857142857,0,0,0,,,,,,,,,,3060
2017-11-12,201746,6.0,6,6,6,0.9296859,3.704687,0,1,354880720174619110,2022-04-28,0.0,3.0,161957.0,19.0,88.31185,0,0,1,,,,,,,,,,3060
2017-11-05,201745,0.0,0,0,0,0.0,0.0,0,1,354880720174519110,2022-04-28,0.0,0.0,161957.0,18.52,,0,0,0,,,,,,,,,,3060
2017-10-29,201744,2.0,2,2,2,0.37212735,1.2348957,0,1,354880720174419110,2022-04-28,0.0,1.0,161957.0,18.04,,0,0,0,,,,,,,,,,3060
2017-10-22,201743,4.0,4,4,4,0.6311371,2.4697914,0,1,354880720174319110,2022-04-28,0.0,1.0,161957.0,17.56,,0,0,0,,,,,,,,,,3060
2017-10-15,201742,0.0,0,0,0,0.0,0.0,0,1,354880720174219110,2022-04-28,0.0,0.0,161957.0,17.08,,0,0,0,,,,,,,,,,3060
2017-10-08,201741,6.0,6,6,6,0.9526252,3.704687,0,1,354880720174119110,2022-04-28,0.0,3.0,161957.0,16.6,,0,1,1,,,,,,,,,,3060
2017-10-01,201740,2.0,2,2,2,0.6306406,1.2348957,0,1,354880720174019110,2022-04-28,0.0,1.0,161957.0,16.12,,0,0,0,,,,,,,,,,3060
2017-09-24,201739,1.0,1,1,1,0.4073028,0.61744785,0,1,354880720173919110,2022-04-28,0.0,1.0,161957.0,15.64,,0,0,0,,,,,,,,,,3060
2017-09-17,201738,2.0,2,2,2,0.65828663,1.2348957,0,1,354880720173819110,2022-04-28,0.0,1.0,161957.0,15.16,,0,0,0,,,,,,,,,,3060
2017-09-10,201737,1.0,1,1,1,0.32170036,0.61744785,0,1,354880720173719110,2022-04-28,0.0,1.0,161957.0,14.68,,0,0,0,,,,,,,,,,3060
2017-09-03,201736,1.0,1,1,1,0.3226898,0.61744785,0,1,354880720173619110,2022-04-28,0.0,1.0,161957.0,14.2,82.8,0,0,0,,,,,,,,,,3060
2017-08-27,201735,2.0,2,2,2,0.6877181,1.2348957,0,1,354880720173519110,2022-04-28,0.0,2.0,161957.0,14.5714285714286,85.2857142857143,0,0,0,,,,,,,,,,3060
2017-08-20,201734,2.0,2,2,2,0.81664705,1.2348957,0,1,354880720173419110,2022-04-28,0.0,3.0,161957.0,13.1428571428571,90.5714285714286,0,0,0,,,,,,,,,,3060
2017-08-13,201733,1.0,1,1,1,0.7821307,0.61744785,0,1,354880720173319110,2022-04-28,0.0,3.0,161957.0,15.2857142857143,88.5714285714286,0,0,0,,,,,,,,,,3060
2017-08-06,201732,1.0,1,1,1,0.78220165,0.61744785,0,1,354880720173219110,2022-04-28,0.0,3.0,161957.0,12.8571428571429,80.5714285714286,0,0,0,,,,,,,,,,3060
2017-07-30,201731,0.0,0,0,0,0.0,0.0,0,1,354880720173119110,2022-04-28,0.0,0.0,161957.0,14.5714285714286,76.1428571428571,0,0,0,,,,,,,,,,3060
2017-07-23,201730,0.0,0,0,0,0.0,0.0,0,1,354880720173019110,2022-04-28,0.0,0.0,161957.0,14.0,77.8571428571429,0,0,0,,,,,,,,,,3060
2017-07-16,201729,1.0,1,1,1,0.5713891,0.61744785,0,1,354880720172919110,2022-04-28,0.0,1.0,161957.0,12.5714285714286,82.8571428571429,0,0,0,,,,,,,,,,3060
2017-07-09,201728,1.0,1,1,1,0.5591867,0.61744785,0,1,354880720172819110,2022-04-28,0.0,1.0,161957.0,13.8571428571429,84.0,0,0,0,,,,,,,,,,3060
2017-07-02,201727,1.0,1,1,1,0.44840994,0.61744785,0,1,354880720172719110,2022-04-28,0.0,1.0,161957.0,11.4285714285714,87.0,0,0,0,,,,,,,,,,3060
2017-06-25,201726,0.0,0,0,0,0.0,0.0,0,1,354880720172619110,2022-04-28,0.0,0.0,161957.0,14.1428571428571,87.1428571428571,0,0,0,,,,,,,,,,3060
2017-06-18,201725,2.0,2,2,2,0.6398243,1.2348957,0,1,354880720172519110,2022-04-28,0.0,1.0,161957.0,14.2857142857143,89.7142857142857,0,0,0,,,,,,,,,,3060
2017-06-11,201724,1.0,1,1,1,0.23490559,0.61744785,0,1,354880720172419110,2022-04-28,0.0,0.0,161957.0,12.4285714285714,88.0,0,0,0,,,,,,,,,,3060
2017-06-04,201723,1.0,1,1,1,0.1294937,0.61744785,0,1,354880720172319110,2022-04-28,0.0,0.0,161957.0,16.2857142857143,86.7142857142857,0,0,0,,,,,,,,,,3060
2017-05-28,201722,2.0,2,2,2,0.33101255,1.2348957,0,1,354880720172219110,2022-04-28,0.0,1.0,161957.0,16.1428571428571,84.2857142857143,0,0,0,,,,,,,,,,3060
2017-05-21,201721,3.0,3,3,3,0.7618052,1.8523436,0,1,354880720172119110,2022-04-28,0.0,2.0,161957.0,17.0,89.7142857142857,0,0,0,,,,,,,,,,3060
2017-05-14,201720,5.0,5,5,5,0.9819276,3.0872393,0,1,354880720172019110,2022-04-28,0.0,7.0,161957.0,16.2857142857143,84.5714285714286,0,0,0,,,,,,,,,,3060
2017-05-07,201719,0.0,0,0,0,0.0,0.0,0,1,354880720171919110,2022-04-28,0.0,0.0,161957.0,15.4285714285714,90.5714285714286,0,0,0,,,,,,,,,,3060
2017-04-30,201718,1.0,1,1,1,0.72587705,0.61744785,0,1,354880720171819110,2022-04-28,0.0,2.0,161957.0,15.4285714285714,89.7142857142857,0,0,0,,,,,,,,,,3060
2017-04-23,201717,0.0,0,0,0,0.0,0.0,0,1,354880720171719110,2022-04-28,0.0,0.0,161957.0,16.4285714285714,86.0,0,0,0,,,,,,,,,,3060
2017-04-16,201716,1.0,1,1,1,0.609795,0.61744785,0,1,354880720171619110,2022-04-28,0.0,1.0,161957.0,16.8571428571429,88.1428571428571,0,0,0,,,,,,,,,,3060
2017-04-09,201715,0.0,0,0,0,0.0,0.0,0,1,354880720171519110,2022-04-28,0.0,0.0,161957.0,18.4285714285714,90.5714285714286,0,0,0,,,,,,,,,,3060
2017-04-02,201714,0.0,0,0,0,0.0,0.0,0,1,354880720171419110,2022-04-28,0.0,0.0,161957.0,18.2857142857143,89.8571428571429,0,0,0,,,,,,,,,,3060
2017-03-26,201713,2.0,2,2,2,0.34127718,1.2348957,0,1,354880720171319110,2022-04-28,0.0,1.0,161957.0,16.8571428571429,86.5714285714286,0,0,0,,,,,,,,,,3060
2017-03-19,201712,3.0,3,3,3,0.6000809,1.8523436,0,1,354880720171219110,2022-04-28,0.0,1.0,161957.0,17.0,88.2857142857143,0,0,0,,,,,,,,,,3060
2017-03-12,201711,3.0,3,3,3,0.6891466,1.8523436,0,2,354880720171119110,2022-04-28,0.0,2.0,161957.0,20.0,89.0,1,0,0,,,,,,,,,,3060
2017-03-05,201710,3.0,3,3,3,0.6413442,1.8523436,0,2,354880720171019110,2022-04-28,0.0,1.0,161957.0,21.4285714285714,88.4285714285714,1,0,0,,,,,,,,,,3060
2017-02-26,201709,1.0,1,1,1,0.17108865,0.61744785,0,2,354880720170919110,2022-04-28,0.0,0.0,161957.0,21.1428571428571,85.1428571428571,1,0,0,,,,,,,,,,3060
2017-02-19,201708,2.0,2,2,2,0.4303049,1.2348957,0,2,354880720170819110,2022-04-28,0.0,1.0,161957.0,20.2857142857143,84.5714285714286,1,0,0,,,,,,,,,,3060
2017-02-12,201707,4.0,4,4,4,0.7475665,2.4697914,0,2,354880720170719110,2022-04-28,0.0,2.0,161957.0,22.0,74.0,1,0,0,,,,,,,,,,3060
2017-02-05,201706,1.0,1,1,1,0.12276472,0.61744785,0,2,354880720170619110,2022-04-28,0.0,0.0,161957.0,20.1428571428571,85.1428571428571,1,0,0,,,,,,,,,,3060
2017-01-29,201705,3.0,3,3,3,0.3594068,1.8523436,0,2,354880720170519110,2022-04-28,0.0,1.0,161957.0,20.4285714285714,88.0,1,0,0,,,,,,,,,,3060
2017-01-22,201704,2.0,2,2,2,0.16585824,1.2348957,0,2,354880720170419110,2022-04-28,0.0,0.0,161957.0,20.1428571428571,87.2857142857143,1,0,0,,,,,,,,,,3060
2017-01-15,201703,5.0,5,5,5,0.6756298,3.0872393,0,2,354880720170319110,2022-04-28,0.0,1.0,161957.0,20.1428571428571,89.8571428571429,1,0,0,,,,,,,,,,3060
2017-01-08,201702,4.0,4,4,4,0.77074623,2.4697914,0,2,354880720170219110,2022-04-28,0.0,2.0,161957.0,21.4285714285714,83.0,1,0,0,,,,,,,,,,3060
2017-01-01,201701,5.0,5,5,5,0.96895945,3.0872393,0,1,354880720170119110,2022-04-28,0.0,5.0,161957.0,22.0,78.8571428571429,1,0,0,,,,,,,,,,3060
2016-12-25,201652,2.0,2,2,2,0.8797479,1.2348957,0,1,354880720165219110,2022-04-28,0.0,4.0,161957.0,22.7142857142857,76.4285714285714,1,0,0,,,,,,,,,,3060
2016-12-18,201651,0.0,0,0,0,0.0,0.0,0,1,354880720165119110,2022-04-28,0.0,0.0,161957.0,19.5714285714286,79.4285714285714,0,0,0,,,,,,,,,,3060
2016-12-11,201650,1.0,1,1,1,0.6532213,0.61744785,0,1,354880720165019110,2022-04-28,0.0,2.0,161957.0,18.5714285714286,87.5714285714286,0,0,0,,,,,,,,,,3060
2016-12-04,201649,0.0,0,0,0,0.0,0.0,0,1,354880720164919110,2022-04-28,0.0,0.0,161957.0,18.5714285714286,83.7142857142857,0,0,0,,,,,,,,,,3060
2016-11-27,201648,0.0,0,0,0,0.0,0.0,0,1,354880720164819110,2022-04-28,0.0,0.0,161957.0,18.1428571428571,87.4285714285714,0,0,0,,,,,,,,,,3060
2016-11-20,201647,2.0,2,2,2,0.30368793,1.2348957,0,1,354880720164719110,2022-04-28,0.0,1.0,161957.0,16.8571428571429,82.0,0,0,0,,,,,,,,,,3060
2016-11-13,201646,1.0,1,1,1,0.1094351,0.61744785,0,1,354880720164619110,2022-04-28,0.0,0.0,161957.0,16.0,90.5714285714286,0,0,0,,,,,,,,,,3060
2016-11-06,201645,5.0,5,5,5,0.7623497,3.0872393,0,1,354880720164519110,2022-04-28,0.0,2.0,161957.0,17.5714285714286,88.2857142857143,0,0,0,,,,,,,,,,3060
2016-10-30,201644,2.0,2,2,2,0.42053553,1.2348957,0,1,354880720164419110,2022-04-28,0.0,1.0,161957.0,17.4285714285714,81.4285714285714,0,0,0,,,,,,,,,,3060
2016-10-23,201643,4.0,4,4,4,0.88927454,2.4697914,0,1,354880720164319110,2022-04-28,0.0,3.0,161957.0,17.1428571428571,88.1428571428571,0,0,0,,,,,,,,,,3060
2016-10-16,201642,3.0,3,3,3,0.8633984,1.8523436,0,1,354880720164219110,2022-04-28,0.0,3.0,161957.0,18.8571428571429,90.5714285714286,0,0,0,,,,,,,,,,3060
2016-10-09,201641,0.0,0,0,0,0.0,0.0,0,1,354880720164119110,2022-04-28,0.0,0.0,161957.0,16.7142857142857,88.0,0,0,0,,,,,,,,,,3060
2016-10-02,201640,2.0,2,2,2,0.7754476,1.2348957,0,1,354880720164019110,2022-04-28,0.0,2.0,161957.0,14.7142857142857,88.8571428571429,0,0,0,,,,,,,,,,3060
2016-09-25,201639,0.0,0,0,0,0.0,0.0,0,1,354880720163919110,2022-04-28,0.0,0.0,161957.0,12.8571428571429,89.7142857142857,0,0,0,,,,,,,,,,3060
2016-09-18,201638,2.0,2,2,2,0.97703135,1.2348957,0,1,354880720163819110,2022-04-28,0.0,18.0,161957.0,14.7142857142857,87.2857142857143,0,0,0,,,,,,,,,,3060
2016-09-11,201637,0.0,0,0,0,0.0,0.0,0,1,354880720163719110,2022-04-28,0.0,0.0,161957.0,16.5714285714286,75.7142857142857,0,0,0,,,,,,,,,,3060
2016-09-04,201636,0.0,0,0,0,0.0,0.0,0,1,354880720163619110,2022-04-28,0.0,0.0,161957.0,15.2857142857143,87.2857142857143,0,0,0,,,,,,,,,,3060
2016-08-28,201635,0.0,0,0,0,0.0,0.0,0,1,354880720163519110,2022-04-28,0.0,0.0,161957.0,16.5714285714286,77.1428571428571,0,0,0,,,,,,,,,,3060
2016-08-21,201634,0.0,0,0,0,0.0,0.0,0,1,354880720163419110,2022-04-28,0.0,0.0,161957.0,12.4285714285714,88.5714285714286,0,0,0,,,,,,,,,,3060
2016-08-14,201633,1.0,1,1,1,0.268657,0.61744785,0,1,354880720163319110,2022-04-28,0.0,1.0,161957.0,14.8571428571429,81.1428571428571,0,0,0,,,,,,,,,,3060
2016-08-07,201632,0.0,0,0,0,0.0,0.0,0,1,354880720163219110,2022-04-28,0.0,0.0,161957.0,13.0,85.8571428571429,0,0,0,,,,,,,,,,3060
2016-07-31,201631,4.0,4,4,4,0.96378034,2.4697914,0,1,354880720163119110,2022-04-28,0.0,6.0,161957.0,14.7142857142857,85.7142857142857,0,0,0,,,,,,,,,,3060
2016-07-24,201630,1.0,1,1,1,0.72607833,0.61744785,0,1,354880720163019110,2022-04-28,0.0,2.0,161957.0,13.8571428571429,80.2857142857143,0,0,0,,,,,,,,,,3060
2016-07-17,201629,0.0,0,0,0,0.0,0.0,0,1,354880720162919110,2022-04-28,0.0,0.0,161957.0,10.4285714285714,86.1428571428571,0,0,0,,,,,,,,,,3060
2016-07-10,201628,1.0,1,1,1,0.68015444,0.61744785,0,1,354880720162819110,2022-04-28,0.0,2.0,161957.0,17.0,69.7142857142857,0,0,0,,,,,,,,,,3060
2016-07-03,201627,0.0,0,0,0,0.0,0.0,0,1,354880720162719110,2022-04-28,0.0,0.0,161957.0,14.1428571428571,77.4285714285714,0,0,0,,,,,,,,,,3060
2016-06-26,201626,0.0,0,0,0,0.0,0.0,0,1,354880720162619110,2022-04-28,0.0,0.0,161957.0,13.8571428571429,88.1428571428571,0,0,0,,,,,,,,,,3060
2016-06-19,201625,2.0,2,2,2,0.37921786,1.2348957,0,1,354880720162519110,2022-04-28,0.0,1.0,161957.0,11.8571428571429,92.2857142857143,0,0,0,,,,,,,,,,3060
2016-06-12,201624,0.0,0,0,0,0.0,0.0,0,1,354880720162419110,2022-04-28,0.0,0.0,161957.0,9.71428571428571,88.4285714285714,0,0,0,,,,,,,,,,3060
2016-06-05,201623,4.0,4,4,4,0.6935728,2.4697914,0,1,354880720162319110,2022-04-28,0.0,1.0,161957.0,11.0,88.0,0,0,0,,,,,,,,,,3060
2016-05-29,201622,3.0,3,3,3,0.56334686,1.8523436,0,1,354880720162219110,2022-04-28,0.0,1.0,161957.0,15.7142857142857,90.5714285714286,0,0,0,,,,,,,,,,3060
2016-05-22,201621,3.0,3,3,3,0.3436634,1.8523436,0,1,354880720162119110,2022-04-28,0.0,1.0,161957.0,14.1428571428571,89.7142857142857,0,0,0,,,,,,,,,,3060
2016-05-15,201620,2.0,2,2,2,0.030855943,1.2348957,0,1,354880720162019110,2022-04-28,0.0,0.0,161957.0,15.5714285714286,89.8571428571429,0,0,0,,,,,,,,,,3060
2016-05-08,201619,2.0,2,2,2,0.0030327055,1.2348957,0,2,354880720161919110,2022-04-28,0.0,0.0,161957.0,16.5714285714286,86.4285714285714,0,0,0,,,,,,,,,,3060
2016-05-01,201618,8.0,8,8,8,0.085518,4.939583,0,2,354880720161819110,2022-04-28,0.0,1.0,161957.0,14.1428571428571,87.1428571428571,0,0,1,,,,,,,,,,3060
2016-04-24,201617,10.0,10,10,10,0.05757241,6.1744785,0,2,354880720161719110,2022-04-28,0.0,1.0,161957.0,17.5714285714286,80.5714285714286,0,0,1,,,,,,,,,,3060
2016-04-17,201616,18.0,18,18,18,0.14934397,11.114061,0,2,354880720161619110,2022-04-28,0.0,1.0,161957.0,21.7142857142857,74.8571428571429,1,0,2,,,,,,,,,,3060
2016-04-10,201615,10.0,10,10,10,0.0004123483,6.1744785,0,4,354880720161519110,2022-04-28,0.0,0.0,161957.0,20.8571428571429,85.1428571428571,1,0,1,,,,,,,,,,3060
2016-04-03,201614,32.0,32,32,32,0.39664534,19.758331,0,4,354880720161419110,2022-04-28,0.0,1.0,161957.0,20.1428571428571,87.4285714285714,1,0,2,,,,,,,,,,3060
2016-03-27,201613,25.0,25,25,25,0.12851615,15.436196,0,4,354880720161319110,2022-04-28,0.0,1.0,161957.0,20.8571428571429,85.1428571428571,1,0,2,,,,,,,,,,3060
2016-03-20,201612,44.0,44,44,44,0.8875205,27.167706,0,4,354880720161219110,2022-04-28,0.0,1.0,161957.0,20.0,86.5714285714286,1,0,2,,,,,,,,,,3060
2016-03-13,201611,28.0,28,28,28,0.329037,17.28854,0,4,354880720161119110,2022-04-28,0.0,1.0,161957.0,19.1428571428571,88.1428571428571,1,0,2,,,,,,,,,,3060
2016-03-06,201610,34.0,34,34,34,0.9079818,20.993227,0,4,354880720161019110,2022-04-28,0.0,1.0,161957.0,21.1428571428571,87.4285714285714,1,0,2,,,,,,,,,,3060
2016-02-28,201609,39.0,39,39,39,0.9990396,24.080465,0,4,354880720160919110,2022-04-28,0.0,2.0,161957.0,19.5714285714286,88.2857142857143,1,1,2,,,,,,,,,,3060
2016-02-21,201608,22.0,22,22,22,0.95673674,13.583853,0,2,354880720160819110,2022-04-28,0.0,2.0,161957.0,21.1428571428571,85.1428571428571,1,1,2,,,,,,,,,,3060
2016-02-14,201607,13.0,13,13,13,0.73557776,8.026822,0,2,354880720160719110,2022-04-28,0.0,1.0,161957.0,21.4285714285714,84.4285714285714,1,0,1,,,,,,,,,,3060
2016-02-07,201606,14.0,14,14,14,0.73747474,8.64427,0,2,354880720160619110,2022-04-28,0.0,1.0,161957.0,20.2857142857143,84.4285714285714,1,0,2,,,,,,,,,,3060
2016-01-31,201605,7.0,7,7,7,0.087817766,4.322135,0,2,354880720160519110,2022-04-28,0.0,1.0,161957.0,21.7142857142857,81.8571428571429,1,0,1,,,,,,,,,,3060
2016-01-24,201604,9.0,9,9,9,0.28707293,5.5570307,0,3,354880720160419110,2022-04-28,0.0,1.0,161957.0,21.0,85.1428571428571,1,0,1,,,,,,,,,,3060
2016-01-17,201603,17.0,17,17,17,0.98285264,10.4966135,0,3,354880720160319110,2022-04-28,0.0,2.0,161957.0,17.0,86.4285714285714,0,1,2,,,,,,,,,,3060
2016-01-10,201602,13.0,13,13,13,0.9957105,8.026822,0,1,354880720160219110,2022-04-28,0.0,4.0,161957.0,20.5714285714286,89.7142857142857,1,1,1,,,,,,,,,,3060
2016-01-03,201601,7.0,7,7,7,0.93914264,4.322135,0,1,354880720160119110,2022-04-28,0.0,3.0,161957.0,19.8571428571429,83.8571428571429,1,0,1,,,,,,,,,,3060
2015-12-27,201552,0.0,0,0,0,0.0,0.0,0,1,354880720155219110,2022-04-28,0.0,0.0,161957.0,21.1428571428571,85.1428571428571,0,0,0,,,,,,,,,,3060
2015-12-20,201551,2.0,2,2,2,0.11667524,1.2348957,0,2,354880720155119110,2022-04-28,0.0,0.0,161957.0,21.5714285714286,84.4285714285714,1,0,0,,,,,,,,,,3060
2015-12-13,201550,4.0,4,4,4,0.4228068,2.4697914,0,1,354880720155019110,2022-04-28,0.0,1.0,161957.0,21.0,84.5714285714286,1,0,0,,,,,,,,,,3060
2015-12-06,201549,7.0,7,7,7,0.8105601,4.322135,0,1,354880720154919110,2022-04-28,0.0,2.0,161957.0,20.0,86.8571428571429,1,0,1,,,,,,,,,,3060
2015-11-29,201548,3.0,3,3,3,0.4064288,1.8523436,0,1,354880720154819110,2022-04-28,0.0,1.0,161957.0,18.2857142857143,94.0,0,0,0,,,,,,,,,,3060
2015-11-22,201547,5.0,5,5,5,0.8193989,3.0872393,0,2,354880720154719110,2022-04-28,0.0,2.0,161957.0,19.1428571428571,88.2857142857143,1,0,0,,,,,,,,,,3060
2015-11-15,201546,4.0,4,4,4,0.79851353,2.4697914,0,1,354880720154619110,2022-04-28,0.0,2.0,161957.0,19.2857142857143,87.5714285714286,1,0,0,,,,,,,,,,3060
2015-11-08,201545,2.0,2,2,2,0.5131194,1.2348957,0,1,354880720154519110,2022-04-28,0.0,1.0,161957.0,19.5714285714286,89.7142857142857,1,0,0,,,,,,,,,,3060
2015-11-01,201544,2.0,2,2,2,0.5449239,1.2348957,0,1,354880720154419110,2022-04-28,0.0,1.0,161957.0,18.5,94.0,0,0,0,,,,,,,,,,3060
2015-10-25,201543,2.0,2,2,2,0.5367175,1.2348957,0,1,354880720154319110,2022-04-28,0.0,1.0,161957.0,17.8571428571429,91.4285714285714,0,0,0,,,,,,,,,,3060
2015-10-18,201542,2.0,2,2,2,0.4575814,1.2348957,0,1,354880720154219110,2022-04-28,0.0,1.0,161957.0,16.8571428571429,91.4285714285714,0,0,0,,,,,,,,,,3060
2015-10-11,201541,1.0,1,1,1,0.19390777,0.61744785,0,1,354880720154119110,2022-04-28,0.0,0.0,161957.0,18.5714285714286,85.8571428571429,0,0,0,,,,,,,,,,3060
2015-10-04,201540,3.0,3,3,3,0.6499247,1.8523436,0,1,354880720154019110,2022-04-28,0.0,1.0,161957.0,17.2857142857143,86.7142857142857,0,0,0,,,,,,,,,,3060
2015-09-27,201539,2.0,2,2,2,0.56324965,1.2348957,0,1,354880720153919110,2022-04-28,0.0,1.0,161957.0,18.1428571428571,89.7142857142857,0,0,0,,,,,,,,,,3060
2015-09-20,201538,3.0,3,3,3,0.82006645,1.8523436,0,1,354880720153819110,2022-04-28,0.0,2.0,161957.0,18.7142857142857,83.0,0,0,0,,,,,,,,,,3060
2015-09-13,201537,1.0,1,1,1,0.49078208,0.61744785,0,1,354880720153719110,2022-04-28,0.0,1.0,161957.0,17.8571428571429,82.8571428571429,0,0,0,,,,,,,,,,3060
2015-09-06,201536,2.0,2,2,2,0.75594294,1.2348957,0,1,354880720153619110,2022-04-28,0.0,2.0,161957.0,14.7142857142857,89.7142857142857,0,0,0,,,,,,,,,,3060
2015-08-30,201535,0.0,0,0,0,0.0,0.0,0,1,354880720153519110,2022-04-28,0.0,0.0,161957.0,15.2857142857143,86.4285714285714,0,0,0,,,,,,,,,,3060
2015-08-23,201534,2.0,2,2,2,0.58248276,1.2348957,0,1,354880720153419110,2022-04-28,0.0,1.0,161957.0,13.7142857142857,91.4285714285714,0,0,0,,,,,,,,,,3060
2015-08-16,201533,0.0,0,0,0,0.0,0.0,0,1,354880720153319110,2022-04-28,0.0,0.0,161957.0,15.1428571428571,84.5714285714286,0,0,0,,,,,,,,,,3060
2015-08-09,201532,1.0,1,1,1,0.13727205,0.61744785,0,1,354880720153219110,2022-04-28,0.0,0.0,161957.0,15.7142857142857,83.1428571428571,0,0,0,,,,,,,,,,3060
2015-08-02,201531,4.0,4,4,4,0.7400104,2.4697914,0,1,354880720153119110,2022-04-28,0.0,2.0,161957.0,16.2857142857143,68.0,0,0,0,,,,,,,,,,3060
2015-07-26,201530,3.0,3,3,3,0.69255877,1.8523436,0,1,354880720153019110,2022-04-28,0.0,2.0,161957.0,12.4285714285714,92.2857142857143,0,0,0,,,,,,,,,,3060
2015-07-19,201529,2.0,2,2,2,0.586674,1.2348957,0,1,354880720152919110,2022-04-28,0.0,1.0,161957.0,14.1428571428571,86.7142857142857,0,0,0,,,,,,,,,,3060
2015-07-12,201528,3.0,3,3,3,0.55429727,1.8523436,0,1,354880720152819110,2022-04-28,0.0,1.0,161957.0,16.4285714285714,84.0,0,0,0,,,,,,,,,,3060
2015-07-05,201527,0.0,0,0,0,0.0,0.0,0,2,354880720152719110,2022-04-28,0.0,0.0,161957.0,14.0,90.5714285714286,0,0,0,,,,,,,,,,3060
2015-06-28,201526,2.0,2,2,2,0.020375853,1.2348957,0,2,354880720152619110,2022-04-28,0.0,0.0,161957.0,13.7142857142857,89.0,0,0,0,,,,,,,,,,3060
2015-06-21,201525,5.0,5,5,5,0.07202846,3.0872393,0,2,354880720152519110,2022-04-28,0.0,0.0,161957.0,13.1428571428571,89.7142857142857,0,0,0,,,,,,,,,,3060
2015-06-14,201524,9.0,9,9,9,0.14519136,5.5570307,0,2,354880720152419110,2022-04-28,0.0,1.0,161957.0,14.1428571428571,88.4285714285714,0,0,1,,,,,,,,,,3060
2015-06-07,201523,9.0,9,9,9,0.043923087,5.5570307,0,4,354880720152319110,2022-04-28,0.0,1.0,161957.0,16.1428571428571,83.4285714285714,0,0,1,,,,,,,,,,3060
2015-05-31,201522,14.0,14,14,14,0.08179882,8.64427,0,4,354880720152219110,2022-04-28,0.0,1.0,161957.0,14.7142857142857,91.4285714285714,0,0,2,,,,,,,,,,3060
2015-05-24,201521,19.0,19,19,19,0.034058116,11.731509,0,4,354880720152119110,2022-04-28,0.0,1.0,161957.0,17.0,86.4285714285714,0,0,2,,,,,,,,,,3060
2015-05-17,201520,18.0,18,18,18,8.3233914e-05,11.114061,0,4,354880720152019110,2022-04-28,0.0,0.0,161957.0,16.1428571428571,89.0,0,0,2,,,,,,,,,,3060
2015-05-10,201519,29.0,29,29,29,5.279612e-05,17.905987,0,4,354880720151919110,2022-04-28,0.0,0.0,161957.0,14.5714285714286,90.5714285714286,0,0,2,,,,,,,,,,3060
2015-05-03,201518,44.0,44,44,44,0.001038143,27.167706,0,4,354880720151819110,2022-04-28,0.0,1.0,161957.0,15.5714285714286,89.7142857142857,0,0,2,,,,,,,,,,3060
2015-04-26,201517,71.0,71,71,71,0.23696072,43.8388,0,4,354880720151719110,2022-04-28,0.0,1.0,161957.0,15.4285714285714,87.1428571428571,0,0,2,,,,,,,,,,3060
2015-04-19,201516,87.0,87,87,87,0.6045067,53.71796,0,4,354880720151619110,2022-04-28,0.0,1.0,161957.0,19.0,89.0,0,0,2,,,,,,,,,,3060
2015-04-12,201515,78.0,78,78,78,0.07260339,48.16093,0,4,354880720151519110,2022-04-28,0.0,1.0,161957.0,17.8571428571429,88.8571428571429,0,0,2,,,,,,,,,,3060
2015-04-05,201514,75.0,75,75,75,0.006246803,46.30859,0,4,354880720151419110,2022-04-28,0.0,1.0,161957.0,16.4285714285714,86.4285714285714,0,0,2,,,,,,,,,,3060
2015-03-29,201513,93.0,93,93,93,0.3137416,57.42265,0,4,354880720151319110,2022-04-28,0.0,1.0,161957.0,18.7142857142857,89.0,0,0,2,,,,,,,,,,3060
2015-03-22,201512,131.0,131,131,131,0.9999388,80.885666,0,4,354880720151219110,2022-04-28,0.0,2.0,161957.0,18.0,86.7142857142857,0,1,2,,,,,,,,,,3060
2015-03-15,201511,106.0,106,106,106,0.9999882,65.44947,0,4,354880720151119110,2022-04-28,0.0,2.0,161957.0,18.8571428571429,89.7142857142857,0,1,2,,,,,,,,,,3060
2015-03-08,201510,74.0,74,74,74,0.99981755,45.69114,0,4,354880720151019110,2022-04-28,0.0,2.0,161957.0,19.8571428571429,89.7142857142857,1,1,2,,,,,,,,,,3060
2015-03-01,201509,49.0,49,49,49,0.99782157,30.254944,0,4,354880720150919110,2022-04-28,0.0,2.0,161957.0,19.0,88.2857142857143,0,1,2,,,,,,,,,,3060
2015-02-22,201508,36.0,36,36,36,0.99782103,22.228123,0,4,354880720150819110,2022-04-28,0.0,2.0,161957.0,20.0,86.7142857142857,1,1,2,,,,,,,,,,3060
2015-02-15,201507,25.0,25,25,25,0.9920227,15.436196,0,2,354880720150719110,2022-04-28,0.0,2.0,161957.0,20.4285714285714,87.7142857142857,1,1,2,,,,,,,,,,3060
2015-02-08,201506,12.0,12,12,12,0.80425173,7.409374,0,2,354880720150619110,2022-04-28,0.0,1.0,161957.0,21.0,86.0,1,0,1,,,,,,,,,,3060
2015-02-01,201505,11.0,11,11,11,0.8784401,6.7919264,0,2,354880720150519110,2022-04-28,0.0,2.0,161957.0,19.1428571428571,89.7142857142857,1,0,1,,,,,,,,,,3060
2015-01-25,201504,8.0,8,8,8,0.84032005,4.939583,0,2,354880720150419110,2022-04-28,0.0,2.0,161957.0,20.0,87.5714285714286,1,0,1,,,,,,,,,,3060
2015-01-18,201503,6.0,6,6,6,0.8795339,3.704687,0,2,354880720150319110,2022-04-28,0.0,2.0,161957.0,20.8571428571429,85.8571428571429,1,0,1,,,,,,,,,,3060
2015-01-11,201502,5.0,5,5,5,0.95927614,3.0872393,0,1,354880720150219110,2022-04-28,0.0,4.0,161957.0,21.5714285714286,86.0,1,0,0,,,,,,,,,,3060
2015-01-04,201501,3.0,3,3,3,0.883227,1.8523436,0,1,354880720150119110,2022-04-28,0.0,3.0,161957.0,21.0,84.7142857142857,1,0,0,,,,,,,,,,3060
2014-12-28,201453,0.0,0,0,0,0.0,0.0,0,1,354880720145319110,2022-04-28,0.0,0.0,161957.0,21.8571428571429,80.5714285714286,0,0,0,,,,,,,,,,3060
2014-12-21,201452,0.0,0,0,0,0.0,0.0,0,1,354880720145219110,2022-04-28,0.0,0.0,161957.0,19.7142857142857,88.2857142857143,0,0,0,,,,,,,,,,3060
2014-12-14,201451,3.0,3,3,3,0.78399855,1.8523436,0,1,354880720145119110,2022-04-28,0.0,2.0,161957.0,17.7142857142857,86.4285714285714,0,0,0,,,,,,,,,,3060
2014-12-07,201450,1.0,1,1,1,0.42417508,0.61744785,0,1,354880720145019110,2022-04-28,0.0,1.0,161957.0,20.2857142857143,83.7142857142857,1,0,0,,,,,,,,,,3060
2014-11-30,201449,2.0,2,2,2,0.73790926,1.2348957,0,1,354880720144919110,2022-04-28,0.0,2.0,161957.0,18.2857142857143,85.4285714285714,0,0,0,,,,,,,,,,3060
2014-11-23,201448,1.0,1,1,1,0.5222168,0.61744785,0,1,354880720144819110,2022-04-28,0.0,1.0,161957.0,18.4285714285714,90.5714285714286,0,0,0,,,,,,,,,,3060
2014-11-16,201447,1.0,1,1,1,0.61196935,0.61744785,0,1,354880720144719110,2022-04-28,0.0,1.0,161957.0,16.8571428571429,81.1428571428571,0,0,0,,,,,,,,,,3060
2014-11-09,201446,1.0,1,1,1,0.7235,0.61744785,0,1,354880720144619110,2022-04-28,0.0,2.0,161957.0,16.4285714285714,84.0,0,0,0,,,,,,,,,,3060
2014-11-02,201445,1.0,1,1,1,0.53864825,0.61744785,0,1,354880720144519110,2022-04-28,0.0,1.0,161957.0,19.4285714285714,83.7142857142857,1,0,0,,,,,,,,,,3060
2014-10-26,201444,0.0,0,0,0,0.0,0.0,0,1,354880720144419110,2022-04-28,0.0,0.0,161957.0,18.1428571428571,80.1428571428571,0,0,0,,,,,,,,,,3060
2014-10-19,201443,0.0,0,0,0,0.0,0.0,0,1,354880720144319110,2022-04-28,0.0,0.0,161957.0,16.7142857142857,85.7142857142857,0,0,0,,,,,,,,,,3060
2014-10-12,201442,3.0,3,3,3,0.7763937,1.8523436,0,1,354880720144219110,2022-04-28,0.0,2.0,161957.0,19.4285714285714,79.1428571428571,1,0,0,,,,,,,,,,3060
2014-10-05,201441,2.0,2,2,2,0.666319,1.2348957,0,1,354880720144119110,2022-04-28,0.0,2.0,161957.0,15.5714285714286,74.0,0,0,0,,,,,,,,,,3060
2014-09-28,201440,1.0,1,1,1,0.39864072,0.61744785,0,1,354880720144019110,2022-04-28,0.0,1.0,161957.0,16.2857142857143,83.5714285714286,0,0,0,,,,,,,,,,3060
2014-09-21,201439,2.0,2,2,2,0.57914853,1.2348957,0,1,354880720143919110,2022-04-28,0.0,1.0,161957.0,16.0,84.0,0,0,0,,,,,,,,,,3060
2014-09-14,201438,0.0,0,0,0,0.0,0.0,0,1,354880720143819110,2022-04-28,0.0,0.0,161957.0,16.8571428571429,80.0,0,0,0,,,,,,,,,,3060
2014-09-07,201437,3.0,3,3,3,0.75121605,1.8523436,0,1,354880720143719110,2022-04-28,0.0,2.0,161957.0,16.8571428571429,74.5714285714286,0,0,0,,,,,,,,,,3060
2014-08-31,201436,1.0,1,1,1,0.23869935,0.61744785,0,1,354880720143619110,2022-04-28,0.0,0.0,161957.0,14.5714285714286,83.8571428571429,0,0,0,,,,,,,,,,3060
2014-08-24,201435,2.0,2,2,2,0.3665559,1.2348957,0,1,354880720143519110,2022-04-28,0.0,1.0,161957.0,14.2857142857143,72.7142857142857,0,0,0,,,,,,,,,,3060
2014-08-17,201434,1.0,1,1,1,0.21345772,0.61744785,0,1,354880720143419110,2022-04-28,0.0,0.0,161957.0,15.0,78.4285714285714,0,0,0,,,,,,,,,,3060
2014-08-10,201433,4.0,4,4,4,0.9310894,2.4697914,0,1,354880720143319110,2022-04-28,0.0,4.0,161957.0,13.2857142857143,81.1428571428571,0,0,0,,,,,,,,,,3060
2014-08-03,201432,3.0,3,3,3,0.9006092,1.8523436,0,1,354880720143219110,2022-04-28,0.0,4.0,161957.0,13.5714285714286,80.1428571428571,0,0,0,,,,,,,,,,3060
2014-07-27,201431,0.0,0,0,0,0.0,0.0,0,1,354880720143119110,2022-04-28,0.0,0.0,161957.0,14.2857142857143,81.0,0,0,0,,,,,,,,,,3060
2014-07-20,201430,0.0,0,0,0,0.0,0.0,0,1,354880720143019110,2022-04-28,0.0,0.0,161957.0,13.2857142857143,82.8571428571429,0,0,0,,,,,,,,,,3060
2014-07-13,201429,2.0,2,2,2,0.09808679,1.2348957,0,1,354880720142919110,2022-04-28,0.0,0.0,161957.0,13.2857142857143,84.0,0,0,0,,,,,,,,,,3060
2014-07-06,201428,3.0,3,3,3,0.18867967,1.8523436,0,1,354880720142819110,2022-04-28,0.0,1.0,161957.0,14.8571428571429,83.1428571428571,0,0,0,,,,,,,,,,3060
2014-06-29,201427,8.0,8,8,8,0.77290493,4.939583,0,1,354880720142719110,2022-04-28,0.0,1.0,161957.0,15.2857142857143,71.2857142857143,0,0,1,,,,,,,,,,3060
2014-06-22,201426,3.0,3,3,3,0.25977343,1.8523436,0,1,354880720142619110,2022-04-28,0.0,1.0,161957.0,16.0,78.8571428571429,0,0,0,,,,,,,,,,3060
2014-06-15,201425,8.0,8,8,8,0.8799159,4.939583,0,1,354880720142519110,2022-04-28,0.0,2.0,161957.0,14.5714285714286,88.8571428571429,0,0,1,,,,,,,,,,3060
2014-06-08,201424,3.0,3,3,3,0.3432959,1.8523436,0,1,354880720142419110,2022-04-28,0.0,1.0,161957.0,16.4285714285714,84.1428571428571,0,0,0,,,,,,,,,,3060
2014-06-01,201423,5.0,5,5,5,0.3874486,3.0872393,0,2,354880720142319110,2022-04-28,0.0,1.0,161957.0,14.0,84.5714285714286,0,0,0,,,,,,,,,,3060
2014-05-25,201422,3.0,3,3,3,0.016965719,1.8523436,0,2,354880720142219110,2022-04-28,0.0,0.0,161957.0,13.0,88.8571428571429,0,0,0,,,,,,,,,,3060
2014-05-18,201421,3.0,3,3,3,0.00082313066,1.8523436,0,2,354880720142119110,2022-04-28,0.0,0.0,161957.0,16.2857142857143,88.0,0,0,0,,,,,,,,,,3060
2014-05-11,201420,12.0,12,12,12,0.05334312,7.409374,0,2,354880720142019110,2022-04-28,0.0,1.0,161957.0,15.1428571428571,81.8571428571429,0,0,1,,,,,,,,,,3060
2014-05-04,201419,13.0,13,13,13,0.04176986,8.026822,0,4,354880720141919110,2022-04-28,0.0,1.0,161957.0,17.2857142857143,79.8571428571429,0,0,1,,,,,,,,,,3060
2014-04-27,201418,24.0,24,24,24,0.70327824,14.818748,0,4,354880720141819110,2022-04-28,0.0,1.0,161957.0,15.2857142857143,77.8571428571429,0,0,2,,,,,,,,,,3060
2014-04-20,201417,27.0,27,27,27,0.9599731,16.671091,0,4,354880720141719110,2022-04-28,0.0,2.0,161957.0,17.2857142857143,85.5714285714286,0,1,2,,,,,,,,,,3060
2014-04-13,201416,21.0,21,21,21,0.9507647,12.966405,0,4,354880720141619110,2022-04-28,0.0,2.0,161957.0,18.1428571428571,87.2857142857143,0,1,2,,,,,,,,,,3060
2014-04-06,201415,15.0,15,15,15,0.9261678,9.261718,0,3,354880720141519110,2022-04-28,0.0,2.0,161957.0,19.1428571428571,85.1428571428571,1,0,2,,,,,,,,,,3060
2014-03-30,201414,11.0,11,11,11,0.9600608,6.7919264,0,3,354880720141419110,2022-04-28,0.0,2.0,161957.0,19.7142857142857,85.1428571428571,1,1,1,,,,,,,,,,3060
2014-03-23,201413,10.0,10,10,10,0.9919528,6.1744785,0,1,354880720141319110,2022-04-28,0.0,4.0,161957.0,18.1428571428571,82.1428571428571,0,1,1,,,,,,,,,,3060
2014-03-16,201412,3.0,3,3,3,0.73216563,1.8523436,0,1,354880720141219110,2022-04-28,0.0,2.0,161957.0,21.2857142857143,81.0,1,0,0,,,,,,,,,,3060
2014-03-09,201411,0.0,0,0,0,0.0,0.0,0,1,354880720141119110,2022-04-28,0.0,0.0,161957.0,20.1428571428571,83.7142857142857,0,0,0,,,,,,,,,,3060
2014-03-02,201410,4.0,4,4,4,0.9357005,2.4697914,0,1,354880720141019110,2022-04-28,0.0,4.0,161957.0,19.7142857142857,86.5714285714286,1,0,0,,,,,,,,,,3060
2014-02-23,201409,0.0,0,0,0,0.0,0.0,0,1,354880720140919110,2022-04-28,0.0,0.0,161957.0,21.0,80.1428571428571,0,0,0,,,,,,,,,,3060
2014-02-16,201408,0.0,0,0,0,0.0,0.0,0,1,354880720140819110,2022-04-28,0.0,0.0,161957.0,19.7142857142857,82.2857142857143,0,0,0,,,,,,,,,,3060
2014-02-09,201407,3.0,3,3,3,0.48138222,1.8523436,0,2,354880720140719110,2022-04-28,0.0,1.0,161957.0,21.8571428571429,74.1428571428571,1,0,0,,,,,,,,,,3060
2014-02-02,201406,1.0,1,1,1,0.112933025,0.61744785,0,2,354880720140619110,2022-04-28,0.0,0.0,161957.0,24.2857142857143,69.7142857142857,1,0,0,,,,,,,,,,3060
2014-01-26,201405,5.0,5,5,5,0.78099203,3.0872393,0,2,354880720140519110,2022-04-28,0.0,2.0,161957.0,22.0,76.2857142857143,1,0,0,,,,,,,,,,3060
2014-01-19,201404,2.0,2,2,2,0.42335472,1.2348957,0,2,354880720140419110,2022-04-28,0.0,1.0,161957.0,20.7142857142857,80.1428571428571,1,0,0,,,,,,,,,,3060
2014-01-12,201403,4.0,4,4,4,0.86744285,2.4697914,0,2,354880720140319110,2022-04-28,0.0,2.0,161957.0,19.7142857142857,86.5714285714286,1,0,0,,,,,,,,,,3060
2014-01-05,201402,2.0,2,2,2,0.7271591,1.2348957,0,1,354880720140219110,2022-04-28,0.0,2.0,161957.0,21.1428571428571,78.8571428571429,1,0,0,,,,,,,,,,3060
2013-12-29,201401,2.0,2,2,2,0.7450328,1.2348957,0,1,354880720140119110,2022-04-28,0.0,2.0,161957.0,22.1428571428571,79.5714285714286,1,0,0,,,,,,,,,,3060
2013-12-22,201352,0.0,0,0,0,0.0,0.0,0,1,354880720135219110,2022-04-28,0.0,0.0,161957.0,20.1428571428571,84.4285714285714,0,0,0,,,,,,,,,,3060
2013-12-15,201351,2.0,2,2,2,0.6947107,1.2348957,0,1,354880720135119110,2022-04-28,0.0,2.0,161957.0,17.7142857142857,82.1428571428571,0,0,0,,,,,,,,,,3060
2013-12-08,201350,0.0,0,0,0,0.0,0.0,0,1,354880720135019110,2022-04-28,0.0,0.0,161957.0,18.5714285714286,84.2857142857143,0,0,0,,,,,,,,,,3060
2013-12-01,201349,2.0,2,2,2,0.72330177,1.2348957,0,1,354880720134919110,2022-04-28,0.0,2.0,161957.0,20.0,84.4285714285714,1,0,0,,,,,,,,,,3060
2013-11-24,201348,1.0,1,1,1,0.4376529,0.61744785,0,1,354880720134819110,2022-04-28,0.0,1.0,161957.0,19.1428571428571,85.8571428571429,1,0,0,,,,,,,,,,3060
2013-11-17,201347,1.0,1,1,1,0.41875488,0.61744785,0,1,354880720134719110,2022-04-28,0.0,1.0,161957.0,18.2857142857143,85.8571428571429,0,0,0,,,,,,,,,,3060
2013-11-10,201346,1.0,1,1,1,0.4163555,0.61744785,0,1,354880720134619110,2022-04-28,0.0,1.0,161957.0,18.4285714285714,77.7142857142857,0,0,0,,,,,,,,,,3060
2013-11-03,201345,2.0,2,2,2,0.6665374,1.2348957,0,1,354880720134519110,2022-04-28,0.0,2.0,161957.0,15.7142857142857,85.7142857142857,0,0,0,,,,,,,,,,3060
2013-10-27,201344,0.0,0,0,0,0.0,0.0,0,1,354880720134419110,2022-04-28,0.0,0.0,161957.0,15.5714285714286,82.4285714285714,0,0,0,,,,,,,,,,3060
2013-10-20,201343,3.0,3,3,3,0.9297822,1.8523436,0,1,354880720134319110,2022-04-28,0.0,5.0,161957.0,18.7142857142857,83.0,0,0,0,,,,,,,,,,3060
2013-10-13,201342,0.0,0,0,0,0.0,0.0,0,1,354880720134219110,2022-04-28,0.0,0.0,161957.0,17.2857142857143,82.2857142857143,0,0,0,,,,,,,,,,3060
2013-10-06,201341,0.0,0,0,0,0.0,0.0,0,1,354880720134119110,2022-04-28,0.0,0.0,161957.0,13.5714285714286,82.2857142857143,0,0,0,,,,,,,,,,3060
2013-09-29,201340,2.0,2,2,2,0.86791563,1.2348957,0,1,354880720134019110,2022-04-28,0.0,4.0,161957.0,15.8571428571429,88.8571428571429,0,0,0,,,,,,,,,,3060
2013-09-22,201339,0.0,0,0,0,0.0,0.0,0,1,354880720133919110,2022-04-28,0.0,0.0,161957.0,12.7142857142857,84.5714285714286,0,0,0,,,,,,,,,,3060
2013-09-15,201338,1.0,1,1,1,0.67579216,0.61744785,0,1,354880720133819110,2022-04-28,0.0,2.0,161957.0,16.5714285714286,81.8571428571429,0,0,0,,,,,,,,,,3060
2013-09-08,201337,0.0,0,0,0,0.0,0.0,0,1,354880720133719110,2022-04-28,0.0,0.0,161957.0,16.2857142857143,73.0,0,0,0,,,,,,,,,,3060
2013-09-01,201336,1.0,1,1,1,0.4670298,0.61744785,0,1,354880720133619110,2022-04-28,0.0,1.0,161957.0,14.8571428571429,80.5714285714286,0,0,0,,,,,,,,,,3060
2013-08-25,201335,0.0,0,0,0,0.0,0.0,0,1,354880720133519110,2022-04-28,0.0,0.0,161957.0,12.8571428571429,81.5714285714286,0,0,0,,,,,,,,,,3060
2013-08-18,201334,2.0,2,2,2,0.8443037,1.2348957,0,1,354880720133419110,2022-04-28,0.0,3.0,161957.0,14.5714285714286,82.5714285714286,0,0,0,,,,,,,,,,3060
2013-08-11,201333,1.0,1,1,1,0.59500337,0.61744785,0,1,354880720133319110,2022-04-28,0.0,1.0,161957.0,10.4285714285714,89.0,0,0,0,,,,,,,,,,3060
2013-08-04,201332,0.0,0,0,0,0.0,0.0,0,1,354880720133219110,2022-04-28,0.0,0.0,161957.0,15.5714285714286,79.0,0,0,0,,,,,,,,,,3060
2013-07-28,201331,1.0,1,1,1,0.5931784,0.61744785,0,1,354880720133119110,2022-04-28,0.0,1.0,161957.0,11.5714285714286,82.2857142857143,0,0,0,,,,,,,,,,3060
2013-07-21,201330,1.0,1,1,1,0.6613608,0.61744785,0,1,354880720133019110,2022-04-28,0.0,2.0,161957.0,10.1428571428571,89.4285714285714,0,0,0,,,,,,,,,,3060
2013-07-14,201329,1.0,1,1,1,0.59317774,0.61744785,0,1,354880720132919110,2022-04-28,0.0,1.0,161957.0,14.0,85.7142857142857,0,0,0,,,,,,,,,,3060
2013-07-07,201328,0.0,0,0,0,0.0,0.0,0,1,354880720132819110,2022-04-28,0.0,0.0,161957.0,14.5714285714286,81.5714285714286,0,0,0,,,,,,,,,,3060
2013-06-30,201327,1.0,1,1,1,0.49981296,0.61744785,0,1,354880720132719110,2022-04-28,0.0,1.0,161957.0,14.1428571428571,86.4285714285714,0,0,0,,,,,,,,,,3060
2013-06-23,201326,1.0,1,1,1,0.47561815,0.61744785,0,1,354880720132619110,2022-04-28,0.0,1.0,161957.0,15.5714285714286,89.7142857142857,0,0,0,,,,,,,,,,3060
2013-06-16,201325,1.0,1,1,1,0.34732854,0.61744785,0,1,354880720132519110,2022-04-28,0.0,1.0,161957.0,15.4285714285714,85.8571428571429,0,0,0,,,,,,,,,,3060
2013-06-09,201324,1.0,1,1,1,0.13980979,0.61744785,0,1,354880720132419110,2022-04-28,0.0,0.0,161957.0,15.8571428571429,88.8571428571429,0,0,0,,,,,,,,,,3060
2013-06-02,201323,1.0,1,1,1,0.046251044,0.61744785,0,1,354880720132319110,2022-04-28,0.0,0.0,161957.0,14.0,88.0,0,0,0,,,,,,,,,,3060
2013-05-26,201322,2.0,2,2,2,0.105693504,1.2348957,0,1,354880720132219110,2022-04-28,0.0,0.0,161957.0,14.2857142857143,88.8571428571429,0,0,0,,,,,,,,,,3060
2013-05-19,201321,6.0,6,6,6,0.60996276,3.704687,0,1,354880720132119110,2022-04-28,0.0,1.0,161957.0,15.5714285714286,86.5714285714286,0,0,1,,,,,,,,,,3060
2013-05-12,201320,5.0,5,5,5,0.4370741,3.0872393,0,1,354880720132019110,2022-04-28,0.0,1.0,161957.0,16.7142857142857,82.5714285714286,0,0,0,,,,,,,,,,3060
2013-05-05,201319,5.0,5,5,5,0.2698781,3.0872393,0,1,354880720131919110,2022-04-28,0.0,1.0,161957.0,13.7142857142857,85.5714285714286,0,0,0,,,,,,,,,,3060
2013-04-28,201318,5.0,5,5,5,0.089743294,3.0872393,0,1,354880720131819110,2022-04-28,0.0,0.0,161957.0,17.1428571428571,85.1428571428571,0,0,0,,,,,,,,,,3060
2013-04-21,201317,6.0,6,6,6,0.09528948,3.704687,0,1,354880720131719110,2022-04-28,0.0,1.0,161957.0,14.2857142857143,87.1428571428571,0,0,1,,,,,,,,,,3060
2013-04-14,201316,9.0,9,9,9,0.6037242,5.5570307,0,1,354880720131619110,2022-04-28,0.0,1.0,161957.0,14.4285714285714,84.5714285714286,0,0,1,,,,,,,,,,3060
2013-04-07,201315,18.0,18,18,18,0.99893737,11.114061,0,1,354880720131519110,2022-04-28,0.0,4.0,161957.0,18.7142857142857,85.8571428571429,0,1,2,,,,,,,,,,3060
2013-03-31,201314,6.0,6,6,6,0.8479059,3.704687,0,1,354880720131419110,2022-04-28,0.0,2.0,161957.0,19.2857142857143,85.1428571428571,1,0,1,,,,,,,,,,3060
2013-03-24,201313,2.0,2,2,2,0.32226518,1.2348957,0,1,354880720131319110,2022-04-28,0.0,1.0,161957.0,17.7142857142857,88.0,0,0,0,,,,,,,,,,3060
2013-03-17,201312,4.0,4,4,4,0.57207793,2.4697914,0,1,354880720131219110,2022-04-28,0.0,1.0,161957.0,17.4285714285714,85.7142857142857,0,0,0,,,,,,,,,,3060
2013-03-10,201311,2.0,2,2,2,0.16976446,1.2348957,0,2,354880720131119110,2022-04-28,0.0,0.0,161957.0,20.4285714285714,85.1428571428571,1,0,0,,,,,,,,,,3060
2013-03-03,201310,3.0,3,3,3,0.34140885,1.8523436,0,2,354880720131019110,2022-04-28,0.0,1.0,161957.0,20.8571428571429,83.0,1,0,0,,,,,,,,,,3060
2013-02-24,201309,6.0,6,6,6,0.75771606,3.704687,0,2,354880720130919110,2022-04-28,0.0,2.0,161957.0,19.4285714285714,84.4285714285714,1,0,1,,,,,,,,,,3060
2013-02-17,201308,3.0,3,3,3,0.32226056,1.8523436,0,1,354880720130819110,2022-04-28,0.0,1.0,161957.0,20.2857142857143,83.7142857142857,1,0,0,,,,,,,,,,3060
2013-02-10,201307,4.0,4,4,4,0.45967412,2.4697914,0,1,354880720130719110,2022-04-28,0.0,1.0,161957.0,20.0,84.4285714285714,1,0,0,,,,,,,,,,3060
2013-02-03,201306,4.0,4,4,4,0.5325135,2.4697914,0,1,354880720130619110,2022-04-28,0.0,1.0,161957.0,18.5714285714286,85.8571428571429,0,0,0,,,,,,,,,,3060
2013-01-27,201305,5.0,5,5,5,0.72623897,3.0872393,0,1,354880720130519110,2022-04-28,0.0,1.0,161957.0,19.4285714285714,85.8571428571429,1,0,0,,,,,,,,,,3060
2013-01-20,201304,4.0,4,4,4,0.62761396,2.4697914,0,1,354880720130419110,2022-04-28,0.0,1.0,161957.0,18.5714285714286,85.1428571428571,0,0,0,,,,,,,,,,3060
2013-01-13,201303,2.0,2,2,2,0.47478223,1.2348957,0,1,354880720130319110,2022-04-28,0.0,1.0,161957.0,18.5714285714286,88.0,0,0,0,,,,,,,,,,3060
2013-01-06,201302,5.0,5,5,5,0.98044896,3.0872393,0,1,354880720130219110,2022-04-28,0.0,7.0,161957.0,19.4285714285714,83.5714285714286,1,0,0,,,,,,,,,,3060
2012-12-30,201301,2.0,2,2,2,0.966158,1.2348957,0,1,354880720130119110,2022-04-28,0.0,12.0,161957.0,19.4285714285714,86.0,1,0,0,,,,,,,,,,3060
2012-12-23,201252,0.0,0,0,0,0.0,0.0,0,1,354880720125219110,2022-04-28,0.0,0.0,161957.0,21.8571428571429,82.4285714285714,0,0,0,,,,,,,,,,3060
2012-12-16,201251,0.0,0,0,0,0.0,0.0,0,1,354880720125119110,2022-04-28,0.0,0.0,161957.0,20.2857142857143,86.7142857142857,0,0,0,,,,,,,,,,3060
2012-12-09,201250,0.0,0,0,0,0.0,0.0,0,1,354880720125019110,2022-04-28,0.0,0.0,161957.0,21.1428571428571,84.4285714285714,0,0,0,,,,,,,,,,3060
2012-12-02,201249,1.0,1,1,1,0.73055524,0.61744785,0,1,354880720124919110,2022-04-28,0.0,2.0,161957.0,20.0,80.8571428571429,1,0,0,,,,,,,,,,3060
2012-11-25,201248,0.0,0,0,0,0.0,0.0,0,1,354880720124819110,2022-04-28,0.0,0.0,161957.0,17.7142857142857,85.8571428571429,0,0,0,,,,,,,,,,3060
2012-11-18,201247,1.0,1,1,1,0.9603134,0.61744785,0,1,354880720124719110,2022-04-28,0.0,17.0,161957.0,17.4285714285714,81.8571428571429,0,0,0,,,,,,,,,,3060
2012-11-11,201246,0.0,0,0,0,0.0,0.0,0,1,354880720124619110,2022-04-28,0.0,0.0,161957.0,15.7142857142857,87.2857142857143,0,0,0,,,,,,,,,,3060
2012-11-04,201245,0.0,0,0,0,0.0,0.0,0,1,354880720124519110,2022-04-28,0.0,0.0,161957.0,18.1428571428571,86.0,0,0,0,,,,,,,,,,3060
2012-10-28,201244,0.0,0,0,0,0.0,0.0,0,1,354880720124419110,2022-04-28,0.0,0.0,161957.0,19.4285714285714,84.4285714285714,0,0,0,,,,,,,,,,3060
2012-10-21,201243,0.0,0,0,0,0.0,0.0,0,1,354880720124319110,2022-04-28,0.0,0.0,161957.0,18.1428571428571,85.8571428571429,0,0,0,,,,,,,,,,3060
2012-10-14,201242,1.0,1,1,1,0.92503905,0.61744785,0,1,354880720124219110,2022-04-28,0.0,9.0,161957.0,15.1428571428571,85.7142857142857,0,0,0,,,,,,,,,,3060
2012-10-07,201241,0.0,0,0,0,0.0,0.0,0,1,354880720124119110,2022-04-28,0.0,0.0,161957.0,16.0,89.0,0,0,0,,,,,,,,,,3060
2012-09-30,201240,0.0,0,0,0,0.0,0.0,0,1,354880720124019110,2022-04-28,0.0,0.0,161957.0,16.4285714285714,83.4285714285714,0,0,0,,,,,,,,,,3060
2012-09-23,201239,0.0,0,0,0,0.0,0.0,0,1,354880720123919110,2022-04-28,0.0,0.0,161957.0,11.8571428571429,81.4285714285714,0,0,0,,,,,,,,,,3060
2012-09-16,201238,1.0,1,1,1,0.78205574,0.61744785,0,1,354880720123819110,2022-04-28,0.0,3.0,161957.0,18.2857142857143,80.1428571428571,0,0,0,,,,,,,,,,3060
2012-09-09,201237,1.0,1,1,1,0.7795863,0.61744785,0,1,354880720123719110,2022-04-28,0.0,3.0,161957.0,16.8571428571429,87.4285714285714,0,0,0,,,,,,,,,,3060
2012-09-02,201236,0.0,0,0,0,0.0,0.0,0,1,354880720123619110,2022-04-28,0.0,0.0,161957.0,15.0,81.8571428571429,0,0,0,,,,,,,,,,3060
2012-08-26,201235,0.0,0,0,0,0.0,0.0,0,1,354880720123519110,2022-04-28,0.0,0.0,161957.0,14.1428571428571,87.1428571428571,0,0,0,,,,,,,,,,3060
2012-08-19,201234,1.0,1,1,1,0.2719757,0.61744785,0,1,354880720123419110,2022-04-28,0.0,1.0,161957.0,15.5714285714286,78.7142857142857,0,0,0,,,,,,,,,,3060
2012-08-12,201233,1.0,1,1,1,0.24321018,0.61744785,0,1,354880720123319110,2022-04-28,0.0,0.0,161957.0,15.7142857142857,78.0,0,0,0,,,,,,,,,,3060
2012-08-05,201232,2.0,2,2,2,0.5968022,1.2348957,0,1,354880720123219110,2022-04-28,0.0,1.0,161957.0,13.1428571428571,89.7142857142857,0,0,0,,,,,,,,,,3060
2012-07-29,201231,3.0,3,3,3,0.8110429,1.8523436,0,1,354880720123119110,2022-04-28,0.0,2.0,161957.0,15.1428571428571,85.8571428571429,0,0,0,,,,,,,,,,3060
2012-07-22,201230,1.0,1,1,1,0.33988455,0.61744785,0,1,354880720123019110,2022-04-28,0.0,1.0,161957.0,15.2857142857143,81.8571428571429,0,0,0,,,,,,,,,,3060
2012-07-15,201229,1.0,1,1,1,0.2533064,0.61744785,0,1,354880720122919110,2022-04-28,0.0,1.0,161957.0,10.7142857142857,88.7142857142857,0,0,0,,,,,,,,,,3060
2012-07-08,201228,2.0,2,2,2,0.40484816,1.2348957,0,1,354880720122819110,2022-04-28,0.0,1.0,161957.0,12.2857142857143,87.1428571428571,0,0,0,,,,,,,,,,3060
2012-07-01,201227,1.0,1,1,1,0.15454218,0.61744785,0,1,354880720122719110,2022-04-28,0.0,0.0,161957.0,15.7142857142857,79.2857142857143,0,0,0,,,,,,,,,,3060
2012-06-24,201226,4.0,4,4,4,0.6857877,2.4697914,0,1,354880720122619110,2022-04-28,0.0,1.0,161957.0,13.5714285714286,90.5714285714286,0,0,0,,,,,,,,,,3060
2012-06-17,201225,1.0,1,1,1,0.2012043,0.61744785,0,1,354880720122519110,2022-04-28,0.0,0.0,161957.0,14.8571428571429,87.1428571428571,0,0,0,,,,,,,,,,3060
2012-06-10,201224,5.0,5,5,5,0.88099694,3.0872393,0,1,354880720122419110,2022-04-28,0.0,2.0,161957.0,15.2857142857143,92.2857142857143,0,0,0,,,,,,,,,,3060
2012-06-03,201223,1.0,1,1,1,0.2446871,0.61744785,0,1,354880720122319110,2022-04-28,0.0,0.0,161957.0,15.0,89.1428571428571,0,0,0,,,,,,,,,,3060
2012-05-27,201222,2.0,2,2,2,0.6228071,1.2348957,0,1,354880720122219110,2022-04-28,0.0,1.0,161957.0,16.4285714285714,84.8571428571429,0,0,0,,,,,,,,,,3060
2012-05-20,201221,3.0,3,3,3,0.8890427,1.8523436,0,1,354880720122119110,2022-04-28,0.0,3.0,161957.0,15.1428571428571,84.5714285714286,0,0,0,,,,,,,,,,3060
2012-05-13,201220,1.0,1,1,1,0.5573687,0.61744785,0,1,354880720122019110,2022-04-28,0.0,1.0,161957.0,14.2857142857143,88.8571428571429,0,0,0,,,,,,,,,,3060
2012-05-06,201219,1.0,1,1,1,0.42933264,0.61744785,0,1,354880720121919110,2022-04-28,0.0,1.0,161957.0,15.8571428571429,85.7142857142857,0,0,0,,,,,,,,,,3060
2012-04-29,201218,0.0,0,0,0,0.0,0.0,0,1,354880720121819110,2022-04-28,0.0,0.0,161957.0,14.2857142857143,90.5714285714286,0,0,0,,,,,,,,,,3060
2012-04-22,201217,2.0,2,2,2,0.44652912,1.2348957,0,1,354880720121719110,2022-04-28,0.0,1.0,161957.0,16.8571428571429,88.8571428571429,0,0,0,,,,,,,,,,3060
2012-04-15,201216,1.0,1,1,1,0.12816863,0.61744785,0,1,354880720121619110,2022-04-28,0.0,0.0,161957.0,17.5714285714286,88.8571428571429,0,0,0,,,,,,,,,,3060
2012-04-08,201215,2.0,2,2,2,0.23088625,1.2348957,0,1,354880720121519110,2022-04-28,0.0,1.0,161957.0,18.8571428571429,89.1428571428571,0,0,0,,,,,,,,,,3060
2012-04-01,201214,4.0,4,4,4,0.4469695,2.4697914,0,1,354880720121419110,2022-04-28,0.0,1.0,161957.0,18.4285714285714,88.2857142857143,0,0,0,,,,,,,,,,3060
2012-03-25,201213,2.0,2,2,2,0.19576359,1.2348957,0,1,354880720121319110,2022-04-28,0.0,1.0,161957.0,17.5714285714286,89.8571428571429,0,0,0,,,,,,,,,,3060
2012-03-18,201212,6.0,6,6,6,0.8936365,3.704687,0,1,354880720121219110,2022-04-28,0.0,2.0,161957.0,17.8571428571429,89.1428571428571,0,0,1,,,,,,,,,,3060
2012-03-11,201211,5.0,5,5,5,0.8809694,3.0872393,0,1,354880720121119110,2022-04-28,0.0,2.0,161957.0,18.2857142857143,90.7142857142857,0,0,0,,,,,,,,,,3060
2012-03-04,201210,1.0,1,1,1,0.24323325,0.61744785,0,1,354880720121019110,2022-04-28,0.0,0.0,161957.0,18.5714285714286,86.8571428571429,0,0,0,,,,,,,,,,3060
2012-02-26,201209,2.0,2,2,2,0.59796405,1.2348957,0,2,354880720120919110,2022-04-28,0.0,1.0,161957.0,21.0,86.7142857142857,1,0,0,,,,,,,,,,3060
2012-02-19,201208,3.0,3,3,3,0.8225904,1.8523436,0,2,354880720120819110,2022-04-28,0.0,2.0,161957.0,20.8571428571429,88.2857142857143,1,0,0,,,,,,,,,,3060
2012-02-12,201207,1.0,1,1,1,0.42925566,0.61744785,0,1,354880720120719110,2022-04-28,0.0,1.0,161957.0,19.7142857142857,89.8571428571429,1,0,0,,,,,,,,,,3060
2012-02-05,201206,1.0,1,1,1,0.41882947,0.61744785,0,1,354880720120619110,2022-04-28,0.0,1.0,161957.0,21.4285714285714,80.8571428571429,1,0,0,,,,,,,,,,3060
2012-01-29,201205,2.0,2,2,2,0.4803925,1.2348957,0,1,354880720120519110,2022-04-28,0.0,1.0,161957.0,17.7142857142857,89.1428571428571,0,0,0,,,,,,,,,,3060
2012-01-22,201204,0.0,0,0,0,0.0,0.0,0,1,354880720120419110,2022-04-28,0.0,0.0,161957.0,17.7142857142857,91.7142857142857,0,0,0,,,,,,,,,,3060
2012-01-15,201203,2.0,2,2,2,0.36582598,1.2348957,0,1,354880720120319110,2022-04-28,0.0,1.0,161957.0,18.8571428571429,93.1428571428571,0,0,0,,,,,,,,,,3060
2012-01-08,201202,4.0,4,4,4,0.9124791,2.4697914,0,1,354880720120219110,2022-04-28,0.0,3.0,161957.0,19.1428571428571,91.4285714285714,1,0,0,,,,,,,,,,3060
2012-01-01,201201,4.0,4,4,4,0.9803694,2.4697914,0,1,354880720120119110,2022-04-28,0.0,9.0,161957.0,17.1428571428571,92.2857142857143,0,0,0,,,,,,,,,,3060
